claim_id,source_paragraph_id,original_text,normalized_it,translation_en,sector,claim_type,prerequisites,equation_ids,reference_ids,dimensional_check,evidence_level,status,reviewer,decision,rationale
UMCH-CLM-0001,UMCH-SRC-P0001,Dimostrazione e Prove Relatività Einstein,,,gravitation,CONCLUSION,,,,NOT_CHECKED,NONE_ASSIGNED,UNREVIEWED,,,Pending atomicity and scientific review.
UMCH-CLM-0002,UMCH-SRC-P0002,https://gemini.google.com/app/7be2a2bff8704a94,,,unclassified,CONJECTURE,,,,NOT_CHECKED,NONE_ASSIGNED,UNREVIEWED,,,Pending atomicity and scientific review.
UMCH-CLM-0003,UMCH-SRC-P0003,User prompt: Crea paper scientifico sia in italiano che inglese,,,unclassified,CONJECTURE,,,,NOT_CHECKED,NONE_ASSIGNED,UNREVIEWED,,,Pending atomicity and scientific review.
UMCH-CLM-0004,UMCH-SRC-P0004,Response: Elettrodinamica e Gravità in Spaziotempi con Curvatura Geodetica Minima Ineliminabile: Un Quadro Teorico Unificato,,,gravitation,CONCLUSION,,,,NOT_CHECKED,NONE_ASSIGNED,UNREVIEWED,,,Pending atomicity and scientific review.
UMCH-CLM-0005,UMCH-SRC-P0005,Sommario,,,unclassified,CONCLUSION,,,,NOT_CHECKED,NONE_ASSIGNED,UNREVIEWED,,,Pending atomicity and scientific review.
UMCH-CLM-0006,UMCH-SRC-P0006,"Si propone una riformulazione rigorosa della dinamica relativistica, dell'elettrodinamica quantistica (QED) e della gravità quantizzata linearizzata fondata sull'assioma dell'inesistenza del moto rettilineo uniforme (κ=0). Assumendo l'esistenza di un limite inferiore di curvatura geodetica per qualsiasi linea d'universo (κ≥κ0​>0), si dimostra come l'equazione di Abraham-Lorentz-Dirac (ALD) venga regolarizzata eliminando le soluzioni runaway. Si ricavano gli stati coerenti del campo elettromagnetico e gravitazionale generati da correnti a spirale, caratterizzati da quanto di momento angolare orbitale (OAM). Infine, si confronta il tasso di decoerenza gravitazionale intrinseco con il modello di Diósi-Penrose e si analizza il rapporto di potenza R=PEM​/Pgrav​ in prossimità dell'orizzonte degli eventi di Reissner-Nordström.",,,cosmology,ASSUMPTION,,,,NOT_CHECKED,NONE_ASSIGNED,UNREVIEWED,,,Pending atomicity and scientific review.
UMCH-CLM-0007,UMCH-SRC-P0007,1. Introduzione e Assiomatizzazione Kinematica,,,unclassified,CONCLUSION,,,,NOT_CHECKED,NONE_ASSIGNED,UNREVIEWED,,,Pending atomicity and scientific review.
UMCH-CLM-0008,UMCH-SRC-P0008,"Il principio d'inerzia classico assume che in assenza di forze un corpo persista in uno stato di moto rettilineo uniforme, corrispondente all'annullamento della quadri-accelerazione Aμ=0. In questo lavoro postuliamo che la linea d'universo di qualsiasi entità fisica dotata di energia-impulso sia soggetta a una curvatura geodetica minima ineliminabile κ0​>0.",La relatività speciale ammette moto inerziale con quadri-accelerazione nulla; il limite κ≥κ₀>0 è invece un postulato UMCH.,Special relativity admits inertial motion with vanishing four-acceleration; κ≥κ₀>0 is instead a UMCH postulate.,cosmology,ASSUMPTION,,UMCH-EQ-0001,FormigaRomero2006;Will2014,PASS_WITH_CONDITIONS,STANDARD_RESULT_PLUS_UNPROVEN_POSTULATE,SUPPORTED_WITH_CONDITIONS,Repository foundational audit 2026-08-21,SPLIT_STANDARD_RESULT_FROM_HYPOTHESIS,Aμ=0 for inertial motion is standard; a universal positive lower bound is not derived and remains UNPROVEN.
UMCH-CLM-0009,UMCH-SRC-P0009,"Nel quadro di Frenet-Serret 4D, la quadri-velocità Uμ e la quadri-accelerazione Aμ soddisfano il vincolo:",,,geometry,CONJECTURE,,UMCH-EQ-0002,FormigaRomero2006,PASS_WITH_CONDITIONS,STANDARD_FORMALISM,SUPPORTED_WITH_CONDITIONS,Repository foundational audit 2026-08-21,RETAIN_AS_SETUP_ONLY,A timelike Frenet–Serret frame is standard under regularity and nonzero-curvature conditions; it does not supply the lower bound.
UMCH-CLM-0010,UMCH-SRC-P0010,"dτDUμ​=Aμ=c2κ(τ)Nμ,κ(τ)≥κ0​>0",,,geometry,CONJECTURE,,UMCH-EQ-0003,FormigaRomero2006,PASS_WITH_NOTATION_CORRECTION,STANDARD_IDENTITY_PLUS_UNPROVEN_INEQUALITY,CORRECTABLE,Repository foundational audit 2026-08-21,SEPARATE_IDENTITY_AND_HYPOTHESIS,"D Uμ/dτ=Aμ=c²κNμ is dimensionally consistent for the declared convention; κ≥κ₀>0 is an independent unproven hypothesis, not a Frenet–Serret consequence."
UMCH-CLM-0011,UMCH-SRC-P0011,"dove Nμ è il quadri-vettore normale unitario (NμNμ​=1) e UμUμ​=−c2. Poiché Uμ​Nμ=0, la norma dell'energia-impulso PμPμ​=−m02​c2 rimane rigorosamente invariante.",,,unclassified,CONJECTURE,,UMCH-EQ-0004,FormigaRomero2006,PASS_WITH_CONDITIONS,DERIVABLE_FOR_CONSTANT_REST_MASS,SUPPORTED_WITH_CONDITIONS,Repository foundational audit 2026-08-21,RETAIN_WITH_ASSUMPTIONS,U·A=0 follows from differentiating U·U=-c². P·P=-m₀²c² follows for P=m₀U and constant m₀; N normalization assumes κ≠0.
UMCH-CLM-0012,UMCH-SRC-P0012,2. Dinamica di Abraham-Lorentz-Dirac e Radiazione,,,radiation-reaction,CONCLUSION,,,,NOT_CHECKED,NONE_ASSIGNED,UNREVIEWED,,,Pending atomicity and scientific review.
UMCH-CLM-0013,UMCH-SRC-P0013,L'equazione del moto relativistica per una carica q con reazione di radiazione (ALD) assume la forma:,,,unclassified,ASSUMPTION,,,,NOT_CHECKED,NONE_ASSIGNED,UNREVIEWED,,,Pending atomicity and scientific review.
UMCH-CLM-0014,UMCH-SRC-P0014,m0​Aμ=Fextμ​+τ0​m0​(dτDAμ​−c2Aα​Aα​Uμ),,,unclassified,CONJECTURE,,UMCH-EQ-0005,,NOT_CHECKED,NONE_ASSIGNED,UNREVIEWED,,,Pending atomicity and scientific review.
UMCH-CLM-0015,UMCH-SRC-P0015,"con τ0​=6πϵ0​m0​c3q2​. Utilizzando le equazioni di Frenet-Serret 4D per sviluppare dτDAμ​=c2κ˙Nμ+c2κ2Uμ+c2κτ1​Bμ (dove Bμ è il quadri-vettore binormale e τ1​ è la torsione geodetica), la quadri-forza di reazione si riduce a:",,,geometry,CONJECTURE,,UMCH-EQ-0006,,NOT_CHECKED,NONE_ASSIGNED,UNREVIEWED,,,Pending atomicity and scientific review.
UMCH-CLM-0016,UMCH-SRC-P0016,Fradμ​=τ0​m0​c2(κ˙Nμ+κτ1​Bμ),,,geometry,CONJECTURE,,UMCH-EQ-0007,,NOT_CHECKED,NONE_ASSIGNED,UNREVIEWED,,,Pending atomicity and scientific review.
UMCH-CLM-0017,UMCH-SRC-P0017,"Imponendo il vincolo di curvatura costante κ(τ)=κ0​, si ottiene l'equazione regolarizzata:",,,geometry,CONJECTURE,,UMCH-EQ-0008,,NOT_CHECKED,NONE_ASSIGNED,UNREVIEWED,,,Pending atomicity and scientific review.
UMCH-CLM-0018,UMCH-SRC-P0018,m0​c2κ0​Nμ=Fextμ​+τ0​m0​c2κ0​τ1​Bμ,,,geometry,CONJECTURE,,UMCH-EQ-0009,,NOT_CHECKED,NONE_ASSIGNED,UNREVIEWED,,,Pending atomicity and scientific review.
UMCH-CLM-0019,UMCH-SRC-P0019,L'auto-forza agisce esclusivamente lungo la binormale Bμ. Questo sopprime analiticamente le soluzioni instabili runaway senza violare l'ortogonalità Uμ​Fradμ​=0.,,,radiation-reaction,CONJECTURE,,UMCH-EQ-0010,,NOT_CHECKED,NONE_ASSIGNED,UNREVIEWED,,,Pending atomicity and scientific review.
UMCH-CLM-0020,UMCH-SRC-P0020,3. Quantizzazione dei Campi e Stati Coerenti con Torsione,,,quantum-fields,CONCLUSION,,,,NOT_CHECKED,NONE_ASSIGNED,UNREVIEWED,,,Pending atomicity and scientific review.
UMCH-CLM-0021,UMCH-SRC-P0021,La carica vincolata alla traiettoria con curvatura κ0​ e torsione τ1​ eccita il vuoto quantistico generante uno stato coerente di Glauber per il campo EM ∣ΨEM​⟩=D^[α]∣0⟩ e per il campo di gravitoni ∣Ψgrav​⟩=D^[β]∣0G​⟩.,,,gravitation,CONJECTURE,,UMCH-EQ-0011,,NOT_CHECKED,NONE_ASSIGNED,UNREVIEWED,,,Pending atomicity and scientific review.
UMCH-CLM-0022,UMCH-SRC-P0022,3.1 Stati Coerenti di Fotoni e Gravitoni,,,gravitation,CONCLUSION,,,,NOT_CHECKED,NONE_ASSIGNED,UNREVIEWED,,,Pending atomicity and scientific review.
UMCH-CLM-0023,UMCH-SRC-P0023,"Le ampiezze di coerenza α(k,λ) e β(k,σ) per spin-1 e spin-2 assumono la forma:",,,unclassified,ASSUMPTION,,,,NOT_CHECKED,NONE_ASSIGNED,UNREVIEWED,,,Pending atomicity and scientific review.
UMCH-CLM-0024,UMCH-SRC-P0024,"α(k,λ)=ℏ2ωk​ϵ0​​iq​ϵμ(λ)∗​∫dτUμ(τ)eik⋅x(τ)",,,unclassified,CONJECTURE,,UMCH-EQ-0012,,NOT_CHECKED,NONE_ASSIGNED,UNREVIEWED,,,Pending atomicity and scientific review.
UMCH-CLM-0025,UMCH-SRC-P0025,"β(k,σ)=2ℏ2ωk​​i16πG​m0​c​ϵμν(σ)∗​∫dτUμ(τ)Uν(τ)eik⋅x(τ)",,,unclassified,CONJECTURE,,UMCH-EQ-0013,,NOT_CHECKED,NONE_ASSIGNED,UNREVIEWED,,,Pending atomicity and scientific review.
UMCH-CLM-0026,UMCH-SRC-P0026,L'espansione della fase k⋅x(τ) contiene un termine cubico 61​c2κ0​τ1​(k⋅B0​)τ3 che converge in integrali di tipo Airy. I quanti emessi trasportano Momento Angolare Orbitale (OAM) quantizzato:,,,quantum-fields,CONJECTURE,,UMCH-EQ-0014,,NOT_CHECKED,NONE_ASSIGNED,UNREVIEWED,,,Pending atomicity and scientific review.
UMCH-CLM-0027,UMCH-SRC-P0027,"Lz(EM)​=ℏℓ,Jz(grav)​=(ℓ±2)ℏ,con ℓ≈⌊τ1​R⌋",,,unclassified,CONJECTURE,,UMCH-EQ-0015,,NOT_CHECKED,NONE_ASSIGNED,UNREVIEWED,,,Pending atomicity and scientific review.
UMCH-CLM-0028,UMCH-SRC-P0028,4. Decoerenza Gravitazionale Intrinseca vs. Diósi-Penrose,,,gravitation,CONCLUSION,,,,NOT_CHECKED,NONE_ASSIGNED,UNREVIEWED,,,Pending atomicity and scientific review.
UMCH-CLM-0029,UMCH-SRC-P0029,L'emissione continua dello stato coerente di gravitoni provoca la perdita di coerenza della matrice di densità ridotta della particella ρAB​(τ)=ρAB​(0)e−Γκ0​​τ.,,,gravitation,CONJECTURE,,UMCH-EQ-0016,,NOT_CHECKED,NONE_ASSIGNED,UNREVIEWED,,,Pending atomicity and scientific review.
UMCH-CLM-0030,UMCH-SRC-P0030,"Γκ0​​≈ℏGm02​c3κ02​​(λeff​∣Δx∣​)2f(κ0​,τ1​)",,,geometry,CONJECTURE,,UMCH-EQ-0017,,NOT_CHECKED,NONE_ASSIGNED,UNREVIEWED,,,Pending atomicity and scientific review.
UMCH-CLM-0031,UMCH-SRC-P0031,Confronto con il Modello Diósi-Penrose (DP),,,unclassified,CONCLUSION,,,,NOT_CHECKED,NONE_ASSIGNED,UNREVIEWED,,,Pending atomicity and scientific review.
UMCH-CLM-0032,UMCH-SRC-P0032,Differenze chiave tra i due modelli:,,,unclassified,CONJECTURE,,,,NOT_CHECKED,NONE_ASSIGNED,UNREVIEWED,,,Pending atomicity and scientific review.
UMCH-CLM-0033,UMCH-SRC-P0033,"Modello DP: ΓDP​=ℏEG​​, dove EG​ è l'energia di sovrapposizione gravitazionale statica Newtoniana. Richiede un cut-off ad hoc R0​ per evitare divergenze ultraviolette e prevede un riscaldamento stocastico isotropo.",,,gravitation,CONJECTURE,,UMCH-EQ-0018,,NOT_CHECKED,NONE_ASSIGNED,UNREVIEWED,,,Pending atomicity and scientific review.
UMCH-CLM-0034,UMCH-SRC-P0034,"Modello κ0​: La decoerenza è un effetto dinamicamente aperto e relativistico indotto dall'accelerazione propria minima. È intrinsecamente privo di divergenze UV grazie alla scala di cutoff naturale 1/κ0​, ed è modulabile cinematicamente tramite l'accelerazione della trappola/sistema.",,,geometry,CONJECTURE,,UMCH-EQ-0019,,NOT_CHECKED,NONE_ASSIGNED,UNREVIEWED,,,Pending atomicity and scientific review.
UMCH-CLM-0035,UMCH-SRC-P0035,5. Rapporto di Accoppiamento R=PEM​/Pgrav​ ed Effetti di Orizzonte,,,unclassified,CONCLUSION,,,,NOT_CHECKED,NONE_ASSIGNED,UNREVIEWED,,,Pending atomicity and scientific review.
UMCH-CLM-0036,UMCH-SRC-P0036,Il rapporto tra la potenza irradiata in fotoni e gravitoni per una particella con carica q e massa m0​ a velocità v=βc è:,,,gravitation,CONJECTURE,,UMCH-EQ-0020,,NOT_CHECKED,NONE_ASSIGNED,UNREVIEWED,,,Pending atomicity and scientific review.
UMCH-CLM-0037,UMCH-SRC-P0037,R=Pgrav​PEM​​=12πϵ0​Gβ2c45​(m0​q​)2,,,unclassified,CONJECTURE,,UMCH-EQ-0021,,NOT_CHECKED,NONE_ASSIGNED,UNREVIEWED,,,Pending atomicity and scientific review.
UMCH-CLM-0038,UMCH-SRC-P0038,Prossimità dell'Orizzonte di Reissner-Nordström,,,unclassified,CONCLUSION,,,,NOT_CHECKED,NONE_ASSIGNED,UNREVIEWED,,,Pending atomicity and scientific review.
UMCH-CLM-0039,UMCH-SRC-P0039,"In prossimità dell'orizzonte degli eventi r+​, dove il fattore metrico f(r)→0:",,,unclassified,CONJECTURE,,,,NOT_CHECKED,NONE_ASSIGNED,UNREVIEWED,,,Pending atomicity and scientific review.
UMCH-CLM-0040,UMCH-SRC-P0040,"Limite Cinematico: Poiché β→1 per un osservatore locale stazionario (FIDO), il rapporto locale converge a Rorizzonte​=12πϵ0​Gc45​(q/m0​)2.",,,unclassified,CONJECTURE,,UMCH-EQ-0022,,NOT_CHECKED,NONE_ASSIGNED,UNREVIEWED,,,Pending atomicity and scientific review.
UMCH-CLM-0041,UMCH-SRC-P0041,Conversione di Modo (Gertsenshtein): L'intenso campo elettrico E(r)=Q/(4πϵ0​r2) induce una conversione risonante tra perturbazioni di spin-1 e spin-2.,,,unclassified,CONJECTURE,,UMCH-EQ-0023,,NOT_CHECKED,NONE_ASSIGNED,UNREVIEWED,,,Pending atomicity and scientific review.
UMCH-CLM-0042,UMCH-SRC-P0042,"Fattori di Corpo Grigio: Per un osservatore all'infinito r→∞, la trasmissione della barriera di potenziale sopprime maggiormente i modi gravitazionali (s=2) rispetto a quelli elettromagnetici (s=1), amplificando il rapporto misurato R∞​>Rorizzonte​.",,,gravitation,CONJECTURE,,UMCH-EQ-0024,,NOT_CHECKED,NONE_ASSIGNED,UNREVIEWED,,,Pending atomicity and scientific review.
UMCH-CLM-0043,UMCH-SRC-P0043,6. Conclusioni,,,unclassified,CONCLUSION,,,,NOT_CHECKED,NONE_ASSIGNED,UNREVIEWED,,,Pending atomicity and scientific review.
UMCH-CLM-0044,UMCH-SRC-P0044,"L'introduzione del vincolo κ≥κ0​>0 fornisce una struttura teorica coerente che risolve il problema delle divergenze nell'equazione ALD, predice la generazione spontanea di stati coerenti di vortici di fotoni/gravitoni e offre un meccanismo di decoerenza gravitazionale cinematicamente testabile via optomeccanica.",,,gravitation,CONJECTURE,,UMCH-EQ-0025,,NOT_CHECKED,NONE_ASSIGNED,UNREVIEWED,,,Pending atomicity and scientific review.
UMCH-CLM-0045,UMCH-SRC-P0045,Electrodynamics and Gravity in Spacetimes with Unavoidable Minimum Geodesic Curvature: A Unified Theoretical Framework,,,gravitation,CONCLUSION,,,,NOT_CHECKED,NONE_ASSIGNED,UNREVIEWED,,,Pending atomicity and scientific review.
UMCH-CLM-0046,UMCH-SRC-P0046,Abstract,,,unclassified,CONCLUSION,,,,NOT_CHECKED,NONE_ASSIGNED,UNREVIEWED,,,Pending atomicity and scientific review.
UMCH-CLM-0047,UMCH-SRC-P0047,"We propose a rigorous reformulation of relativistic dynamics, quantum electrodynamics (QED), and linearized quantum gravity based on the axiom of the non-existence of uniform rectilinear motion (κ=0). Assuming a minimum geodesic curvature lower bound for any worldline (κ≥κ0​>0), we show that the Abraham-Lorentz-Dirac (ALD) equation is regularized, eliminating runaway solutions. We derive the coherent states of the electromagnetic and gravitational fields generated by helical currents, characterized by orbital angular momentum (OAM) quanta. Finally, we compare the intrinsic gravitational decoherence rate with the Diósi-Penrose model and analyze the power ratio R=PEM​/Pgrav​ near the Reissner-Nordström event horizon.",,,gravitation,ASSUMPTION,,,,NOT_CHECKED,NONE_ASSIGNED,UNREVIEWED,,,Pending atomicity and scientific review.
UMCH-CLM-0048,UMCH-SRC-P0048,1. Introduction and Kinematic Axiomatization,,,unclassified,CONCLUSION,,,,NOT_CHECKED,NONE_ASSIGNED,UNREVIEWED,,,Pending atomicity and scientific review.
UMCH-CLM-0049,UMCH-SRC-P0049,"The classical principle of inertia assumes that in the absence of forces, a body persists in a state of uniform rectilinear motion, corresponding to the vanishing of the four-acceleration Aμ=0. In this work, we postulate that the worldline of any physical entity possessing energy-momentum is subject to an unavoidable minimum geodesic curvature κ0​>0.",,,geometry,ASSUMPTION,,UMCH-EQ-0026,FormigaRomero2006;Will2014,PASS_WITH_CONDITIONS,DUPLICATE_TRANSLATION,SUPPORTED_WITH_CONDITIONS,Repository foundational audit 2026-08-21,SPLIT_STANDARD_RESULT_FROM_HYPOTHESIS,English duplicate of UMCH-CLM-0008; only the inertial statement is standard.
UMCH-CLM-0050,UMCH-SRC-P0050,"In the 4D Frenet-Serret frame, the four-velocity Uμ and four-acceleration Aμ satisfy the constraint:",,,geometry,CONJECTURE,,UMCH-EQ-0027,FormigaRomero2006,PASS_WITH_CONDITIONS,DUPLICATE_TRANSLATION,SUPPORTED_WITH_CONDITIONS,Repository foundational audit 2026-08-21,RETAIN_AS_SETUP_ONLY,English duplicate of UMCH-CLM-0009.
UMCH-CLM-0051,UMCH-SRC-P0051,"dτDUμ​=Aμ=c2κ(τ)Nμ,κ(τ)≥κ0​>0",,,geometry,CONJECTURE,,UMCH-EQ-0028,FormigaRomero2006,PASS_WITH_NOTATION_CORRECTION,DUPLICATE_TRANSLATION,CORRECTABLE,Repository foundational audit 2026-08-21,SEPARATE_IDENTITY_AND_HYPOTHESIS,English duplicate of UMCH-CLM-0010.
UMCH-CLM-0052,UMCH-SRC-P0052,"where Nμ is the unit normal four-vector (NμNμ​=1) and UμUμ​=−c2. Since Uμ​Nμ=0, the energy-momentum norm PμPμ​=−m02​c2 remains strictly invariant.",,,unclassified,CONJECTURE,,UMCH-EQ-0029,FormigaRomero2006,PASS_WITH_CONDITIONS,DUPLICATE_TRANSLATION,SUPPORTED_WITH_CONDITIONS,Repository foundational audit 2026-08-21,RETAIN_WITH_ASSUMPTIONS,English duplicate of UMCH-CLM-0011.
UMCH-CLM-0053,UMCH-SRC-P0053,2. Abraham-Lorentz-Dirac Dynamics and Radiation Reaction,,,radiation-reaction,CONCLUSION,,,,NOT_CHECKED,NONE_ASSIGNED,UNREVIEWED,,,Pending atomicity and scientific review.
UMCH-CLM-0054,UMCH-SRC-P0054,The relativistic equation of motion for a charge q including radiation reaction (ALD) takes the form:,,,radiation-reaction,CONJECTURE,,,,NOT_CHECKED,NONE_ASSIGNED,UNREVIEWED,,,Pending atomicity and scientific review.
UMCH-CLM-0055,UMCH-SRC-P0055,m0​Aμ=Fextμ​+τ0​m0​(dτDAμ​−c2Aα​Aα​Uμ),,,unclassified,CONJECTURE,,UMCH-EQ-0030,,NOT_CHECKED,NONE_ASSIGNED,UNREVIEWED,,,Pending atomicity and scientific review.
UMCH-CLM-0056,UMCH-SRC-P0056,"where τ0​=6πϵ0​m0​c3q2​. Using the 4D Frenet-Serret relations to expand dτDAμ​=c2κ˙Nμ+c2κ2Uμ+c2κτ1​Bμ (where Bμ is the binormal four-vector and τ1​ is the geodesic torsion), the radiation self-force reduces to:",,,geometry,CONJECTURE,,UMCH-EQ-0031,,NOT_CHECKED,NONE_ASSIGNED,UNREVIEWED,,,Pending atomicity and scientific review.
UMCH-CLM-0057,UMCH-SRC-P0057,Fradμ​=τ0​m0​c2(κ˙Nμ+κτ1​Bμ),,,geometry,CONJECTURE,,UMCH-EQ-0032,,NOT_CHECKED,NONE_ASSIGNED,UNREVIEWED,,,Pending atomicity and scientific review.
UMCH-CLM-0058,UMCH-SRC-P0058,"Imposing the constant curvature constraint κ(τ)=κ0​, we obtain the regularized equation:",,,geometry,CONJECTURE,,UMCH-EQ-0033,,NOT_CHECKED,NONE_ASSIGNED,UNREVIEWED,,,Pending atomicity and scientific review.
UMCH-CLM-0059,UMCH-SRC-P0059,m0​c2κ0​Nμ=Fextμ​+τ0​m0​c2κ0​τ1​Bμ,,,geometry,CONJECTURE,,UMCH-EQ-0034,,NOT_CHECKED,NONE_ASSIGNED,UNREVIEWED,,,Pending atomicity and scientific review.
UMCH-CLM-0060,UMCH-SRC-P0060,The self-force acts exclusively along the binormal Bμ. This analytically suppresses unstable runaway solutions without violating orthogonality Uμ​Fradμ​=0.,,,radiation-reaction,CONJECTURE,,UMCH-EQ-0035,,NOT_CHECKED,NONE_ASSIGNED,UNREVIEWED,,,Pending atomicity and scientific review.
UMCH-CLM-0061,UMCH-SRC-P0061,3. Field Quantization and Torsional Coherent States,,,quantum-fields,CONCLUSION,,,,NOT_CHECKED,NONE_ASSIGNED,UNREVIEWED,,,Pending atomicity and scientific review.
UMCH-CLM-0062,UMCH-SRC-P0062,"A charge constrained to a trajectory with curvature κ0​ and torsion τ1​ excites the quantum vacuum, generating a Glauber coherent state for the EM field ∣ΨEM​⟩=D^[α]∣0⟩ and the graviton field ∣Ψgrav​⟩=D^[β]∣0G​⟩.",,,gravitation,CONJECTURE,,UMCH-EQ-0036,,NOT_CHECKED,NONE_ASSIGNED,UNREVIEWED,,,Pending atomicity and scientific review.
UMCH-CLM-0063,UMCH-SRC-P0063,3.1 Photon and Graviton Coherent States,,,gravitation,CONCLUSION,,,,NOT_CHECKED,NONE_ASSIGNED,UNREVIEWED,,,Pending atomicity and scientific review.
UMCH-CLM-0064,UMCH-SRC-P0064,"The coherence amplitudes α(k,λ) and β(k,σ) for spin-1 and spin-2 are given by:",,,unclassified,CONJECTURE,,,,NOT_CHECKED,NONE_ASSIGNED,UNREVIEWED,,,Pending atomicity and scientific review.
UMCH-CLM-0065,UMCH-SRC-P0065,"α(k,λ)=ℏ2ωk​ϵ0​​iq​ϵμ(λ)∗​∫dτUμ(τ)eik⋅x(τ)",,,unclassified,CONJECTURE,,UMCH-EQ-0037,,NOT_CHECKED,NONE_ASSIGNED,UNREVIEWED,,,Pending atomicity and scientific review.
UMCH-CLM-0066,UMCH-SRC-P0066,"β(k,σ)=2ℏ2ωk​​i16πG​m0​c​ϵμν(σ)∗​∫dτUμ(τ)Uν(τ)eik⋅x(τ)",,,unclassified,CONJECTURE,,UMCH-EQ-0038,,NOT_CHECKED,NONE_ASSIGNED,UNREVIEWED,,,Pending atomicity and scientific review.
UMCH-CLM-0067,UMCH-SRC-P0067,The expansion of the phase k⋅x(τ) contains a cubic term 61​c2κ0​τ1​(k⋅B0​)τ3 which converges into Airy-type integrals. The emitted quanta carry quantized Orbital Angular Momentum (OAM):,,,quantum-fields,CONJECTURE,,UMCH-EQ-0039,,NOT_CHECKED,NONE_ASSIGNED,UNREVIEWED,,,Pending atomicity and scientific review.
UMCH-CLM-0068,UMCH-SRC-P0068,"Lz(EM)​=ℏℓ,Jz(grav)​=(ℓ±2)ℏ,with ℓ≈⌊τ1​R⌋",,,unclassified,CONJECTURE,,UMCH-EQ-0040,,NOT_CHECKED,NONE_ASSIGNED,UNREVIEWED,,,Pending atomicity and scientific review.
UMCH-CLM-0069,UMCH-SRC-P0069,4. Intrinsic Gravitational Decoherence vs. Diósi-Penrose,,,gravitation,CONCLUSION,,,,NOT_CHECKED,NONE_ASSIGNED,UNREVIEWED,,,Pending atomicity and scientific review.
UMCH-CLM-0070,UMCH-SRC-P0070,Continuous emission of the coherent graviton state induces a loss of coherence in the particle's reduced density matrix ρAB​(τ)=ρAB​(0)e−Γκ0​​τ.,,,gravitation,CONJECTURE,,UMCH-EQ-0041,,NOT_CHECKED,NONE_ASSIGNED,UNREVIEWED,,,Pending atomicity and scientific review.
UMCH-CLM-0071,UMCH-SRC-P0071,"Γκ0​​≈ℏGm02​c3κ02​​(λeff​∣Δx∣​)2f(κ0​,τ1​)",,,geometry,CONJECTURE,,UMCH-EQ-0042,,NOT_CHECKED,NONE_ASSIGNED,UNREVIEWED,,,Pending atomicity and scientific review.
UMCH-CLM-0072,UMCH-SRC-P0072,Comparison with the Diósi-Penrose (DP) Model,,,unclassified,CONCLUSION,,,,NOT_CHECKED,NONE_ASSIGNED,UNREVIEWED,,,Pending atomicity and scientific review.
UMCH-CLM-0073,UMCH-SRC-P0073,Key differences between the two models:,,,unclassified,CONJECTURE,,,,NOT_CHECKED,NONE_ASSIGNED,UNREVIEWED,,,Pending atomicity and scientific review.
UMCH-CLM-0074,UMCH-SRC-P0074,"DP Model: ΓDP​=ℏEG​​, where EG​ is the static Newtonian gravitational superposition energy. Requires an ad hoc cut-off R0​ to prevent ultraviolet divergences and predicts isotropic stochastic heating.",,,gravitation,CONJECTURE,,UMCH-EQ-0043,,NOT_CHECKED,NONE_ASSIGNED,UNREVIEWED,,,Pending atomicity and scientific review.
UMCH-CLM-0075,UMCH-SRC-P0075,"κ0​ Model: Decoherence is a dynamically open, relativistic effect driven by the minimum proper acceleration. It is inherently free of UV divergences due to the natural cutoff scale 1/κ0​, and can be kinematically modulated by adjusting the trap/system acceleration.",,,geometry,CONJECTURE,,UMCH-EQ-0044,,NOT_CHECKED,NONE_ASSIGNED,UNREVIEWED,,,Pending atomicity and scientific review.
UMCH-CLM-0076,UMCH-SRC-P0076,5. Coupling Ratio R=PEM​/Pgrav​ and Horizon Effects,,,unclassified,CONCLUSION,,,,NOT_CHECKED,NONE_ASSIGNED,UNREVIEWED,,,Pending atomicity and scientific review.
UMCH-CLM-0077,UMCH-SRC-P0077,The ratio between emitted electromagnetic and gravitational power for a particle with charge q and mass m0​ moving at velocity v=βc is:,,,gravitation,CONJECTURE,,UMCH-EQ-0045,,NOT_CHECKED,NONE_ASSIGNED,UNREVIEWED,,,Pending atomicity and scientific review.
UMCH-CLM-0078,UMCH-SRC-P0078,R=Pgrav​PEM​​=12πϵ0​Gβ2c45​(m0​q​)2,,,unclassified,CONJECTURE,,UMCH-EQ-0046,,NOT_CHECKED,NONE_ASSIGNED,UNREVIEWED,,,Pending atomicity and scientific review.
UMCH-CLM-0079,UMCH-SRC-P0079,Proximity to the Reissner-Nordström Horizon,,,unclassified,CONCLUSION,,,,NOT_CHECKED,NONE_ASSIGNED,UNREVIEWED,,,Pending atomicity and scientific review.
UMCH-CLM-0080,UMCH-SRC-P0080,"Near the event horizon r+​, where the metric factor f(r)→0:",,,unclassified,CONJECTURE,,,,NOT_CHECKED,NONE_ASSIGNED,UNREVIEWED,,,Pending atomicity and scientific review.
UMCH-CLM-0081,UMCH-SRC-P0081,"Kinematic Limit: As β→1 for a local stationary observer (FIDO), the local ratio converges to Rhorizon​=12πϵ0​Gc45​(q/m0​)2.",,,unclassified,CONJECTURE,,UMCH-EQ-0047,,NOT_CHECKED,NONE_ASSIGNED,UNREVIEWED,,,Pending atomicity and scientific review.
UMCH-CLM-0082,UMCH-SRC-P0082,Mode Conversion (Gertsenshtein Effect): The strong background electric field E(r)=Q/(4πϵ0​r2) induces resonant conversion between spin-1 and spin-2 perturbations.,,,unclassified,CONJECTURE,,UMCH-EQ-0048,,NOT_CHECKED,NONE_ASSIGNED,UNREVIEWED,,,Pending atomicity and scientific review.
UMCH-CLM-0083,UMCH-SRC-P0083,"Greybody Factors: For an observer at infinity r→∞, potential barrier transmission suppresses gravitational modes (s=2) more strongly than electromagnetic ones (s=1), increasing the measured ratio R∞​>Rhorizon​.",,,gravitation,CONJECTURE,,UMCH-EQ-0049,,NOT_CHECKED,NONE_ASSIGNED,UNREVIEWED,,,Pending atomicity and scientific review.
UMCH-CLM-0084,UMCH-SRC-P0084,6. Conclusions,,,unclassified,CONCLUSION,,,,NOT_CHECKED,NONE_ASSIGNED,UNREVIEWED,,,Pending atomicity and scientific review.
UMCH-CLM-0085,UMCH-SRC-P0085,"Introducing the constraint κ≥κ0​>0 yields a consistent theoretical framework that resolves divergence issues in the ALD equation, predicts the spontaneous generation of photon/graviton vortex coherent states, and provides a gravitationally induced decoherence mechanism that is kinematically testable via optomechanics.",,,gravitation,DERIVATION,,UMCH-EQ-0050,,NOT_CHECKED,NONE_ASSIGNED,UNREVIEWED,,,Pending atomicity and scientific review.
UMCH-CLM-0086,UMCH-SRC-P0086,User prompt: Fai paper da tutta la conversazione sei stato troppo breve crea paper completo,,,unclassified,CONJECTURE,,,,NOT_CHECKED,NONE_ASSIGNED,UNREVIEWED,,,Pending atomicity and scientific review.
UMCH-CLM-0087,UMCH-SRC-P0087,"Response: Unificazione Geometrica, Dinamica di Radiation Reaction e Trattamento Quantistico dell'Interazione Elettro-Gravitazionale in Spaziotempi con Curvatura Geodetica Minima κ0​",,,gravitation,CONCLUSION,,,,NOT_CHECKED,NONE_ASSIGNED,UNREVIEWED,,,Pending atomicity and scientific review.
UMCH-CLM-0088,UMCH-SRC-P0088,Sommario,,,unclassified,CONCLUSION,,,,NOT_CHECKED,NONE_ASSIGNED,UNREVIEWED,,,Pending atomicity and scientific review.
UMCH-CLM-0089,UMCH-SRC-P0089,Il presente lavoro costituisce la formulazione organica e completa del quadro teorico basato sull'assioma di ineliminabilità della curvatura cinematica (κ≥κ0​>0). Si dimostra come l'introduzione di un limite inferiore alla curvatura della linea d'universo consenta: (i) l'unificazione geometrica tra potenziale elettromagnetico e metrica spazio-temporale nel formalismo Kaluza-Klein 5D; (ii) la regolarizzazione analitica dell'equazione di Abraham-Lorentz-Dirac (ALD) con soppressione dei moti runaway; (iii) la derivazione dell'equazione di DeWitt-Brehme per cariche in spaziotempi curvi; (iv) la mappatura quantistica delle ampiezze tramite la doppia copia di Bern-Carrasco-Johansson (BCJ); (v) la caratterizzazione degli stati coerenti con momento angolare orbitale (OAM) e della decoerenza gravitazionale intrinseca; (vi) l'analisi esatta del rapporto di potenza emessa R=PEM​/Pgrav​ in prossimità dell'orizzonte degli eventi di un buco nero di Reissner-Nordström.,,,cosmology,DERIVATION,,,,NOT_CHECKED,NONE_ASSIGNED,UNREVIEWED,,,Pending atomicity and scientific review.
UMCH-CLM-0090,UMCH-SRC-P0090,1. Assiomatizzazione Kinematica e Unificazione 5D (Kaluza-Klein),,,unclassified,CONCLUSION,,,,NOT_CHECKED,NONE_ASSIGNED,UNREVIEWED,,,Pending atomicity and scientific review.
UMCH-CLM-0091,UMCH-SRC-P0091,1.1 Il Vincolo di Curvatura Minima,,,geometry,CONCLUSION,,,,NOT_CHECKED,NONE_ASSIGNED,UNREVIEWED,,,Pending atomicity and scientific review.
UMCH-CLM-0092,UMCH-SRC-P0092,"Assumiamo che nello spaziotempo quadridimensionale dotato di metrica gμν​ con segnatura (−,+,+,+), la linea d'universo xμ(τ) di una particella carica di massa m0​ e carica q soddisfi le equazioni cinematiche nel tetrade di Frenet-Serret 4D:",,,cosmology,ASSUMPTION,,UMCH-EQ-0051,FormigaRomero2006,PASS_WITH_CONDITIONS,STANDARD_SETUP_WITH_EXTRA_ASSUMPTIONS,SUPPORTED_WITH_CONDITIONS,Repository foundational audit 2026-08-21,RETAIN_GEOMETRY_NOT_BOUND,Metric signature and timelike tetrad setup are conventional; charged-particle status is irrelevant to pure kinematics and no lower bound follows.
UMCH-CLM-0093,UMCH-SRC-P0093,"dτDUμ​=Aμ=c2κ(τ)Nμ,con κ(τ)≥κ0​>0",,,geometry,CONJECTURE,,UMCH-EQ-0052,FormigaRomero2006;Will2014,PASS_WITH_NOTATION_CORRECTION,STANDARD_IDENTITY_PLUS_UNPROVEN_INEQUALITY,UNPROVEN,Repository foundational audit 2026-08-21,KEEP_AS_FALSIFIABLE_HYPOTHESIS,"The kinematic decomposition can be defined, but κ≥κ₀>0 conflicts with geodesic κ=0 unless a new tested dynamics or observable is supplied."
UMCH-CLM-0094,UMCH-SRC-P0094,"dove Uμ=dτdxμ​ è la quadri-velocità (UμUμ​=−c2), Nμ è il quadri-vettore normale unitario (NμNμ​=1), e κ(τ) rappresenta la curvatura geodetica propria.",,,geometry,CONJECTURE,,UMCH-EQ-0053,FormigaRomero2006,PASS_WITH_TERMINOLOGY_CORRECTION,STANDARD_DEFINITIONS_WITH_AMBIGUOUS_TERM,CORRECTABLE,Repository foundational audit 2026-08-21,RENAME_WORLDLINE_CURVATURE,U and N definitions are standard under conditions; calling proper worldline curvature 'geodesic curvature' risks confusion with other geometric uses.
UMCH-CLM-0095,UMCH-SRC-P0095,1.2 Geodetiche 5D e Proiezione di Gauge,,,unclassified,CONCLUSION,,,,NOT_CHECKED,NONE_ASSIGNED,UNREVIEWED,,,Pending atomicity and scientific review.
UMCH-CLM-0096,UMCH-SRC-P0096,"Nel formalismo di Kaluza-Klein esteso, lo spaziotempo a 5 dimensioni possiede un tensore metrico g^​AB​ (A,B=0,1,2,3,5):",,,gravitation,CONJECTURE,,UMCH-EQ-0054,,NOT_CHECKED,NONE_ASSIGNED,UNREVIEWED,,,Pending atomicity and scientific review.
UMCH-CLM-0097,UMCH-SRC-P0097,g^​AB​dxAdxB=gμν​dxμdxν+ϕ2(dx5+kAμ​dxμ)2,,,unclassified,CONJECTURE,,UMCH-EQ-0055,,NOT_CHECKED,NONE_ASSIGNED,UNREVIEWED,,,Pending atomicity and scientific review.
UMCH-CLM-0098,UMCH-SRC-P0098,ponendo lo scalare dilatonico ϕ=1 e la costante di accoppiamento k=c416πGϵ0​​​=m0​c22q​.,,,unclassified,CONJECTURE,,UMCH-EQ-0056,,NOT_CHECKED,NONE_ASSIGNED,UNREVIEWED,,,Pending atomicity and scientific review.
UMCH-CLM-0099,UMCH-SRC-P0099,L'equazione geodetica 5D per una particella priva di forze esterne è:,,,unclassified,CONJECTURE,,,,NOT_CHECKED,NONE_ASSIGNED,UNREVIEWED,,,Pending atomicity and scientific review.
UMCH-CLM-0100,UMCH-SRC-P0100,dτ^2d2xA​+Γ^BCA​dτ^dxB​dτ^dxC​=0,,,unclassified,CONJECTURE,,UMCH-EQ-0057,,NOT_CHECKED,NONE_ASSIGNED,UNREVIEWED,,,Pending atomicity and scientific review.
UMCH-CLM-0101,UMCH-SRC-P0101,"Proiettando le prime quattro componenti (A=μ) sullo spaziotempo 4D, si ottiene:",,,gravitation,CONJECTURE,,UMCH-EQ-0058,,NOT_CHECKED,NONE_ASSIGNED,UNREVIEWED,,,Pending atomicity and scientific review.
UMCH-CLM-0102,UMCH-SRC-P0102,dτDUμ​=m0​q​Fμνuν​,,,unclassified,CONJECTURE,,UMCH-EQ-0059,,NOT_CHECKED,NONE_ASSIGNED,UNREVIEWED,,,Pending atomicity and scientific review.
UMCH-CLM-0103,UMCH-SRC-P0103,Applicando la norma della quadri-accelerazione sotto il vincolo κ≥κ0​:,,,geometry,CONJECTURE,,UMCH-EQ-0060,,NOT_CHECKED,NONE_ASSIGNED,UNREVIEWED,,,Pending atomicity and scientific review.
UMCH-CLM-0104,UMCH-SRC-P0104,κ2=c4gμα​AμAα​=(m0​c2q​)2gμα​FμνFαβUν​Uβ​≥κ02​>0,,,geometry,CONJECTURE,,UMCH-EQ-0061,,NOT_CHECKED,NONE_ASSIGNED,UNREVIEWED,,,Pending atomicity and scientific review.
UMCH-CLM-0105,UMCH-SRC-P0105,Risultato: Il tensore di campo elettromagnetico Fμν​ e il tensore di curvatura di Riemann Rαβμν​ non sono entità disgiunte: Fμν​ costituisce la manifestazione geometrica necessaria affinché la linea d'universo mantenga la curvatura cinematica minima κ0​.,,,cosmology,CONJECTURE,,UMCH-EQ-0062,,NOT_CHECKED,NONE_ASSIGNED,UNREVIEWED,,,Pending atomicity and scientific review.
UMCH-CLM-0106,UMCH-SRC-P0106,2. Dinamica di Radiation Reaction: Regolarizzazione ALD e DeWitt-Brehme,,,radiation-reaction,CONCLUSION,,,,NOT_CHECKED,NONE_ASSIGNED,UNREVIEWED,,,Pending atomicity and scientific review.
UMCH-CLM-0107,UMCH-SRC-P0107,2.1 Regolarizzazione dell'Equazione di Abraham-Lorentz-Dirac,,,radiation-reaction,CONCLUSION,,,,NOT_CHECKED,NONE_ASSIGNED,UNREVIEWED,,,Pending atomicity and scientific review.
UMCH-CLM-0108,UMCH-SRC-P0108,L'equazione classica di Abraham-Lorentz-Dirac (ALD) che descrive l'auto-forza emessa da una carica è:,,,radiation-reaction,CONJECTURE,,,,NOT_CHECKED,NONE_ASSIGNED,UNREVIEWED,,,Pending atomicity and scientific review.
UMCH-CLM-0109,UMCH-SRC-P0109,m0​Aμ=Fextμ​+τ0​m0​(dτDAμ​−c2Aα​Aα​Uμ),,,unclassified,CONJECTURE,,UMCH-EQ-0063,,NOT_CHECKED,NONE_ASSIGNED,UNREVIEWED,,,Pending atomicity and scientific review.
UMCH-CLM-0110,UMCH-SRC-P0110,con τ0​=6πϵ0​m0​c3q2​. Sviluppando la derivata della quadri-accelerazione tramite le relazioni di Frenet-Serret 4D:,,,geometry,CONJECTURE,,UMCH-EQ-0064,,NOT_CHECKED,NONE_ASSIGNED,UNREVIEWED,,,Pending atomicity and scientific review.
UMCH-CLM-0111,UMCH-SRC-P0111,dτDAμ​=c2κ˙Nμ+c2κ2Uμ+c2κτ1​Bμ,,,geometry,CONJECTURE,,UMCH-EQ-0065,,NOT_CHECKED,NONE_ASSIGNED,UNREVIEWED,,,Pending atomicity and scientific review.
UMCH-CLM-0112,UMCH-SRC-P0112,"dove Bμ è il quadri-vettore binormale unitario e τ1​ è la torsione geodetica. Sostituendo tale sviluppo nell'equazione ALD, il termine proporzionale a Uμ (c2κ2Uμ) cancella esattamente il termine di Schottky −c2Aα​Aα​Uμ=−c2κ2Uμ:",,,geometry,CONJECTURE,,UMCH-EQ-0066,,NOT_CHECKED,NONE_ASSIGNED,UNREVIEWED,,,Pending atomicity and scientific review.
UMCH-CLM-0113,UMCH-SRC-P0113,Fradμ​=τ0​m0​c2(κ˙Nμ+κτ1​Bμ),,,geometry,CONJECTURE,,UMCH-EQ-0067,,NOT_CHECKED,NONE_ASSIGNED,UNREVIEWED,,,Pending atomicity and scientific review.
UMCH-CLM-0114,UMCH-SRC-P0114,"Sotto la condizione di curvatura minima costante κ(τ)=κ0​⟹κ˙=0, l'equazione del moto diviene:",,,geometry,CONJECTURE,,UMCH-EQ-0068,,NOT_CHECKED,NONE_ASSIGNED,UNREVIEWED,,,Pending atomicity and scientific review.
UMCH-CLM-0115,UMCH-SRC-P0115,m0​c2κ0​Nμ=Fextμ​+τ0​m0​c2κ0​τ1​Bμ,,,geometry,CONJECTURE,,UMCH-EQ-0069,,NOT_CHECKED,NONE_ASSIGNED,UNREVIEWED,,,Pending atomicity and scientific review.
UMCH-CLM-0116,UMCH-SRC-P0116,"Poiché l'auto-forza agisce esclusivamente lungo la direzione binormale Bμ, le componenti lungo la normale Nμ non contengono derivate temporali di ordine superiore a due, eliminando analiticamente le soluzioni esponenziali divergenti (runaway solutions).",,,radiation-reaction,CONJECTURE,,UMCH-EQ-0070,,NOT_CHECKED,NONE_ASSIGNED,UNREVIEWED,,,Pending atomicity and scientific review.
UMCH-CLM-0117,UMCH-SRC-P0117,2.2 Equazione di DeWitt-Brehme in Spaziotempi Curvi,,,unclassified,CONCLUSION,,,,NOT_CHECKED,NONE_ASSIGNED,UNREVIEWED,,,Pending atomicity and scientific review.
UMCH-CLM-0118,UMCH-SRC-P0118,"In presenza di curvatura gravitazionale di fondo Rαβμν​=0, la propagation della radiazione elettromagnetica avviene lungo il cono di luce e all'interno di esso (a causa della dispersione sulla curvatura). L'equazione del moto si generalizza nell'equazione di DeWitt-Brehme:",,,gravitation,CONJECTURE,,UMCH-EQ-0071,,NOT_CHECKED,NONE_ASSIGNED,UNREVIEWED,,,Pending atomicity and scientific review.
UMCH-CLM-0119,UMCH-SRC-P0119,"m0​Aμ=qFextμν​Uν​+32​c3q2​m0​(dτDAμ​−c2κ02​Uμ)+q2Uν​∫−∞τ​∇[μGα′ν]​(x(τ),x′(τ′))Uα′dτ′",,,geometry,CONJECTURE,,UMCH-EQ-0072,,NOT_CHECKED,NONE_ASSIGNED,UNREVIEWED,,,Pending atomicity and scientific review.
UMCH-CLM-0120,UMCH-SRC-P0120,"dove Gα′ν​(x,x′) è il tensore di Green ritardato del campo elettromagnetico nello spaziotempo curvo. L'accoppiamento tra carica e gravitazione si manifesta nel termine di coda (tail term), il quale dimostra che la radiazione emessa dalla particella vincolata a κ0​ interagisce con la curvatura locale di Riemann lungo tutta la sua storia passata.",,,gravitation,CONJECTURE,,UMCH-EQ-0073,,NOT_CHECKED,NONE_ASSIGNED,UNREVIEWED,,,Pending atomicity and scientific review.
UMCH-CLM-0121,UMCH-SRC-P0121,3. Dualità di Gauge-Gravità: Doppia Copia BCJ Quantistica,,,gravitation,CONCLUSION,,,,NOT_CHECKED,NONE_ASSIGNED,UNREVIEWED,,,Pending atomicity and scientific review.
UMCH-CLM-0122,UMCH-SRC-P0122,"A livello quantistico perturbativo, la connessione tra la teoria di Gauge U(1) / Yang-Mills e la gravità quantistica linearizzata è regolata dal formalismo di Bern-Carrasco-Johansson (BCJ).",,,gravitation,CONJECTURE,,,,NOT_CHECKED,NONE_ASSIGNED,UNREVIEWED,,,Pending atomicity and scientific review.
UMCH-CLM-0123,UMCH-SRC-P0123,L'ampiezza di scattering a n-punti in teoria di Gauge è espressa come:,,,unclassified,CONJECTURE,,,,NOT_CHECKED,NONE_ASSIGNED,UNREVIEWED,,,Pending atomicity and scientific review.
UMCH-CLM-0124,UMCH-SRC-P0124,An​=gn−2i∑​Di​ci​ni​​,,,unclassified,CONJECTURE,,UMCH-EQ-0074,,NOT_CHECKED,NONE_ASSIGNED,UNREVIEWED,,,Pending atomicity and scientific review.
UMCH-CLM-0125,UMCH-SRC-P0125,"dove ci​ sono i fattori di colore, Di​ sono i propagatori quadratici dei canali kinematici, e ni​ sono i fattori cinematici dipendenti dalle polarizzazioni ϵμ​ e dai quadri-momenti kμ​.",,,unclassified,CONJECTURE,,UMCH-EQ-0075,,NOT_CHECKED,NONE_ASSIGNED,UNREVIEWED,,,Pending atomicity and scientific review.
UMCH-CLM-0126,UMCH-SRC-P0126,"Sostituendo i fattori di colore ci​ con ulteriori fattori cinematici ni​ (sostituzione ci​→ni​), si ottiene direttamente l'ampiezza di scattering gravitazionale Mn​:",,,gravitation,CONJECTURE,,,,NOT_CHECKED,NONE_ASSIGNED,UNREVIEWED,,,Pending atomicity and scientific review.
UMCH-CLM-0127,UMCH-SRC-P0127,Mn​=(2κgrav​​)n−2i∑​Di​ni2​​,,,geometry,CONJECTURE,,UMCH-EQ-0076,,NOT_CHECKED,NONE_ASSIGNED,UNREVIEWED,,,Pending atomicity and scientific review.
UMCH-CLM-0128,UMCH-SRC-P0128,"Poiché il moto della sorgente ammette un vincolo cinematico inferiore κ0​, i numeratori cinematici ni​ contengono contrazioni del tipo (k⋅A)=c2κ0​(k⋅N)=0. Di conseguenza:",,,geometry,CONJECTURE,,UMCH-EQ-0077,,NOT_CHECKED,NONE_ASSIGNED,UNREVIEWED,,,Pending atomicity and scientific review.
UMCH-CLM-0129,UMCH-SRC-P0129,ni​(κ0​)=0⟹Mn​∝[An​]2,,,geometry,CONJECTURE,,UMCH-EQ-0078,,NOT_CHECKED,NONE_ASSIGNED,UNREVIEWED,,,Pending atomicity and scientific review.
UMCH-CLM-0130,UMCH-SRC-P0130,"Ogni processo di emissione o scattering di fotoni di norma κ0​ mappa direttamente in un processo di emissione di gravitoni, confermando la dualità quantistica (Gravitaˋ)∼(Gauge)2.",,,gravitation,CONJECTURE,,UMCH-EQ-0079,,NOT_CHECKED,NONE_ASSIGNED,UNREVIEWED,,,Pending atomicity and scientific review.
UMCH-CLM-0131,UMCH-SRC-P0131,"4. Stati Coerenti, OAM e Decoerenza Gravitazionale Intrinseca",,,gravitation,CONCLUSION,,,,NOT_CHECKED,NONE_ASSIGNED,UNREVIEWED,,,Pending atomicity and scientific review.
UMCH-CLM-0132,UMCH-SRC-P0132,4.1 Stati Coerenti di Fotoni e Gravitoni,,,gravitation,CONCLUSION,,,,NOT_CHECKED,NONE_ASSIGNED,UNREVIEWED,,,Pending atomicity and scientific review.
UMCH-CLM-0133,UMCH-SRC-P0133,"Una carica vincolata a una traiettoria elicitale con curvatura κ0​ e torsione τ1​ genera una corrente quantizzata che eccita lo stato di vuoto dei campi, producendo uno stato coerente di Glauber:",,,quantum-fields,CONJECTURE,,UMCH-EQ-0080,,NOT_CHECKED,NONE_ASSIGNED,UNREVIEWED,,,Pending atomicity and scientific review.
UMCH-CLM-0134,UMCH-SRC-P0134,"∣ΨEM​⟩=D^[α]∣0⟩,∣Ψgrav​⟩=D^[β]∣0G​⟩",,,unclassified,CONJECTURE,,UMCH-EQ-0081,,NOT_CHECKED,NONE_ASSIGNED,UNREVIEWED,,,Pending atomicity and scientific review.
UMCH-CLM-0135,UMCH-SRC-P0135,"Le ampiezze di coerenza α(k,λ) per fotoni di polarizzazione λ e β(k,σ) per gravitoni di elicità σ=±2 sono:",,,gravitation,CONJECTURE,,UMCH-EQ-0082,,NOT_CHECKED,NONE_ASSIGNED,UNREVIEWED,,,Pending atomicity and scientific review.
UMCH-CLM-0136,UMCH-SRC-P0136,"α(k,λ)=ℏ2ωk​ϵ0​​iq​ϵμ(λ)∗​∫−∞∞​dτUμ(τ)eik⋅x(τ)",,,unclassified,CONJECTURE,,UMCH-EQ-0083,,NOT_CHECKED,NONE_ASSIGNED,UNREVIEWED,,,Pending atomicity and scientific review.
UMCH-CLM-0137,UMCH-SRC-P0137,"β(k,σ)=2ℏ2ωk​​i16πG​m0​c​ϵμν(σ)∗​∫−∞∞​dτUμ(τ)Uν(τ)eik⋅x(τ)",,,unclassified,CONJECTURE,,UMCH-EQ-0084,,NOT_CHECKED,NONE_ASSIGNED,UNREVIEWED,,,Pending atomicity and scientific review.
UMCH-CLM-0138,UMCH-SRC-P0138,Espandendo la fase k⋅x(τ) attorno a τ=0 nel tetrade di Frenet-Serret:,,,geometry,CONJECTURE,,UMCH-EQ-0085,,NOT_CHECKED,NONE_ASSIGNED,UNREVIEWED,,,Pending atomicity and scientific review.
UMCH-CLM-0139,UMCH-SRC-P0139,xμ(τ)=x0μ​+U0μ​τ+21​c2κ0​N0μ​τ2+61​c2κ0​τ1​B0μ​τ3+O(τ4),,,geometry,CONJECTURE,,UMCH-EQ-0086,,NOT_CHECKED,NONE_ASSIGNED,UNREVIEWED,,,Pending atomicity and scientific review.
UMCH-CLM-0140,UMCH-SRC-P0140,"Gli integrali di ampiezza si riducono a funzioni di Airy Ai(z), e i quanti irradiati trasportano un momento angolare orbitale quantizzato (OAM):",,,quantum-fields,CONJECTURE,,,,NOT_CHECKED,NONE_ASSIGNED,UNREVIEWED,,,Pending atomicity and scientific review.
UMCH-CLM-0141,UMCH-SRC-P0141,"Lz(EM)​=ℏℓ,Jz(grav)​=(ℓ±2)ℏ,con ℓ≈⌊τ1​R⌋",,,unclassified,CONJECTURE,,UMCH-EQ-0087,,NOT_CHECKED,NONE_ASSIGNED,UNREVIEWED,,,Pending atomicity and scientific review.
UMCH-CLM-0142,UMCH-SRC-P0142,4.2 Decoerenza Gravitazionale Intrinseca vs. Modello Diósi-Penrose,,,gravitation,CONCLUSION,,,,NOT_CHECKED,NONE_ASSIGNED,UNREVIEWED,,,Pending atomicity and scientific review.
UMCH-CLM-0143,UMCH-SRC-P0143,L'emissione continua di gravitoni incoerenti legati alla curvatura κ0​ distrugge la sovrapposizione quantistica di uno stato spaziale ∣ψ⟩=2​1​(∣xA​⟩+∣xB​⟩). Il tasso di decoerenza Γκ0​​ è dato da:,,,gravitation,CONJECTURE,,UMCH-EQ-0088,,NOT_CHECKED,NONE_ASSIGNED,UNREVIEWED,,,Pending atomicity and scientific review.
UMCH-CLM-0144,UMCH-SRC-P0144,"Γκ0​​=ℏGm02​c3κ02​​(λeff​∣Δx∣​)2f(κ0​,τ1​)",,,geometry,CONJECTURE,,UMCH-EQ-0089,,NOT_CHECKED,NONE_ASSIGNED,UNREVIEWED,,,Pending atomicity and scientific review.
UMCH-CLM-0145,UMCH-SRC-P0145,5. Rapporto di Potenza Irradiata R ed Effetti in Spaziotempi di Reissner-Nordström,,,unclassified,CONCLUSION,,,,NOT_CHECKED,NONE_ASSIGNED,UNREVIEWED,,,Pending atomicity and scientific review.
UMCH-CLM-0146,UMCH-SRC-P0146,5.1 Derivazione Esatta del Rapporto R,,,unclassified,CONCLUSION,,,,NOT_CHECKED,NONE_ASSIGNED,UNREVIEWED,,,Pending atomicity and scientific review.
UMCH-CLM-0147,UMCH-SRC-P0147,Calcoliamo la potenza totale emessa da una carica q di massa m0​ in moto con velocità v=βc e accelerazione propria a=c2κ0​.,,,geometry,CONJECTURE,,UMCH-EQ-0090,,NOT_CHECKED,NONE_ASSIGNED,UNREVIEWED,,,Pending atomicity and scientific review.
UMCH-CLM-0148,UMCH-SRC-P0148,"Potenza Elettromagnetica (Larmor Relativistica):
PEM​=6πϵ0​q2cκ02​​",,,geometry,CONJECTURE,,UMCH-EQ-0091,,NOT_CHECKED,NONE_ASSIGNED,UNREVIEWED,,,Pending atomicity and scientific review.
UMCH-CLM-0149,UMCH-SRC-P0149,"Potenza Gravitazionale (Einstein-Larmor Quadrupolare):
Pgrav​=52Gm02​c5κ02​β2​",,,gravitation,CONJECTURE,,UMCH-EQ-0092,,NOT_CHECKED,NONE_ASSIGNED,UNREVIEWED,,,Pending atomicity and scientific review.
UMCH-CLM-0150,UMCH-SRC-P0150,Dividendo le due espressioni:,,,unclassified,CONJECTURE,,,,NOT_CHECKED,NONE_ASSIGNED,UNREVIEWED,,,Pending atomicity and scientific review.
UMCH-CLM-0151,UMCH-SRC-P0151,R=Pgrav​PEM​​=52Gm02​c5κ02​β2​6πϵ0​q2cκ02​​​=12πϵ0​Gβ2c45​(m0​q​)2=3β2c25​(FG​FE​​),,,geometry,CONJECTURE,,UMCH-EQ-0093,,NOT_CHECKED,NONE_ASSIGNED,UNREVIEWED,,,Pending atomicity and scientific review.
UMCH-CLM-0152,UMCH-SRC-P0152,Il parametro κ02​ si semplifica perfettamente: il rapporto R è un'invariante strutturale del sistema materia-campo.,,,geometry,CONJECTURE,,UMCH-EQ-0094,,NOT_CHECKED,NONE_ASSIGNED,UNREVIEWED,,,Pending atomicity and scientific review.
UMCH-CLM-0153,UMCH-SRC-P0153,5.2 Comportamento all'Orizzonte degli Eventi di Reissner-Nordström,,,unclassified,CONCLUSION,,,,NOT_CHECKED,NONE_ASSIGNED,UNREVIEWED,,,Pending atomicity and scientific review.
UMCH-CLM-0154,UMCH-SRC-P0154,Consideriamo la metrica di Reissner-Nordström per un buco nero carico di massa M e carica Q:,,,unclassified,CONJECTURE,,,,NOT_CHECKED,NONE_ASSIGNED,UNREVIEWED,,,Pending atomicity and scientific review.
UMCH-CLM-0155,UMCH-SRC-P0155,"ds2=−f(r)c2dt2+f(r)dr2​+r2dΩ2,f(r)=1−rrs​​+r2rQ2​​",,,unclassified,CONJECTURE,,UMCH-EQ-0095,,NOT_CHECKED,NONE_ASSIGNED,UNREVIEWED,,,Pending atomicity and scientific review.
UMCH-CLM-0156,UMCH-SRC-P0156,"In prossimità dell'orizzonte degli eventi r+​, tre fenomeni modificano la fisica dell'emissione:",,,unclassified,CONJECTURE,,,,NOT_CHECKED,NONE_ASSIGNED,UNREVIEWED,,,Pending atomicity and scientific review.
UMCH-CLM-0157,UMCH-SRC-P0157,"Limite FIDO (β→1): Per un osservatore stazionario a riposo locale (Zero Angular Momentum Observer / FIDO), qualsiasi particella in caduta o in orbita radiale raggiunge la velocità della luce β→1. Il rapporto locale tende al valore asintotico:
Rorizzonte​=12πϵ0​Gc45​(m0​q​)2",,,unclassified,CONJECTURE,,UMCH-EQ-0096,,NOT_CHECKED,NONE_ASSIGNED,UNREVIEWED,,,Pending atomicity and scientific review.
UMCH-CLM-0158,UMCH-SRC-P0158,Conversione di Modo di Gertsenshtein: L'intenso campo elettrico radiale del buco nero E(r)=4πϵ0​r2Q​ funge da catalizzatore: le onde gravitazionali hμν​ (spin-2) e le onde elettromagnetiche fμν​ (spin-1) si convertono reciprocamente a causa del termine d'interazione nel lagrangiano Lint​∼Fμνfμν​h.,,,gravitation,CONJECTURE,,UMCH-EQ-0097,,NOT_CHECKED,NONE_ASSIGNED,UNREVIEWED,,,Pending atomicity and scientific review.
UMCH-CLM-0159,UMCH-SRC-P0159,"Fattori di Corpo Grigio (Greybody Factors): La radiazione prodotta vicino a r+​ deve attraversare la barriera di potenziale Vs​(r) per raggiungere r→∞. Poiché il potenziale centrifugo per spin s=2 è superiore a quello per spin s=1:
Ts=2​(ω)<Ts=1​(ω)
Per un osservatore distante, la radiazione gravitazionale viene filtrata maggiormente rispetto a quella elettromagnetica, determinando un incremento del rapporto misurato a distanza:
R∞​(ω)=Rorizzonte​⋅​Ts=2​(ω)Ts=1​(ω)​​2>Rorizzonte​",,,gravitation,CONJECTURE,,UMCH-EQ-0098,,NOT_CHECKED,NONE_ASSIGNED,UNREVIEWED,,,Pending atomicity and scientific review.
UMCH-CLM-0160,UMCH-SRC-P0160,6. Conclusioni,,,unclassified,CONCLUSION,,,,NOT_CHECKED,NONE_ASSIGNED,UNREVIEWED,,,Pending atomicity and scientific review.
UMCH-CLM-0161,UMCH-SRC-P0161,Il postulato dell'inesistenza di linee d'universo a curvatura geodetica nulla (κ0​>0) costituisce un principio unificatore ad alto potere predittivo. Esso:,,,cosmology,ASSUMPTION,,UMCH-EQ-0099,,NOT_CHECKED,NONE_ASSIGNED,UNREVIEWED,,,Pending atomicity and scientific review.
UMCH-CLM-0162,UMCH-SRC-P0162,Riconduce l'interazione elettromagnetica alla geometria di uno spaziotempo 5D unificato.,,,gravitation,CONJECTURE,,,,NOT_CHECKED,NONE_ASSIGNED,UNREVIEWED,,,Pending atomicity and scientific review.
UMCH-CLM-0163,UMCH-SRC-P0163,Risolve storici problemi di divergenza (moti runaway dell'equazione ALD).,,,radiation-reaction,CONJECTURE,,,,NOT_CHECKED,NONE_ASSIGNED,UNREVIEWED,,,Pending atomicity and scientific review.
UMCH-CLM-0164,UMCH-SRC-P0164,Fornisce un ponte tra ampiezze di gauge e ampiezze di gravità quantistica mediante il formalismo BCJ.,,,gravitation,CONJECTURE,,,,NOT_CHECKED,NONE_ASSIGNED,UNREVIEWED,,,Pending atomicity and scientific review.
UMCH-CLM-0165,UMCH-SRC-P0165,Genera predizioni verificabili sulla decoerenza gravitazionale non-termica e sui coefficienti di emissione in prossimità di oggetti compatti astrofisici.,,,gravitation,PREDICTION,,,,NOT_CHECKED,NONE_ASSIGNED,UNREVIEWED,,,Pending atomicity and scientific review.
UMCH-CLM-0166,UMCH-SRC-P0166,"Geometric Unification, Radiation Reaction Dynamics, and Quantum Electro-Gravitational Interaction in Spacetimes with Minimum Geodesic Curvature κ0​",,,gravitation,CONCLUSION,,,,NOT_CHECKED,NONE_ASSIGNED,UNREVIEWED,,,Pending atomicity and scientific review.
UMCH-CLM-0167,UMCH-SRC-P0167,Abstract,,,unclassified,CONCLUSION,,,,NOT_CHECKED,NONE_ASSIGNED,UNREVIEWED,,,Pending atomicity and scientific review.
UMCH-CLM-0168,UMCH-SRC-P0168,This paper presents a complete framework based on the axiom of unavoidable kinematic curvature (κ≥κ0​>0). We demonstrate that introducing a lower bound on worldline curvature enables: (i) geometric unification of electromagnetic potential and metric spacetime within 5D Kaluza-Klein formalism; (ii) analytical regularization of the Abraham-Lorentz-Dirac (ALD) equation with suppression of runaway solutions; (iii) derivation of the DeWitt-Brehme equation for charges in curved spacetimes; (iv) quantum amplitude mapping via the Bern-Carrasco-Johansson (BCJ) double copy; (v) characterization of orbital angular momentum (OAM) coherent states and intrinsic gravitational decoherence; (vi) exact calculation of the power ratio R=PEM​/Pgrav​ near a Reissner-Nordström event horizon.,,,gravitation,DERIVATION,,,,NOT_CHECKED,NONE_ASSIGNED,UNREVIEWED,,,Pending atomicity and scientific review.
UMCH-CLM-0169,UMCH-SRC-P0169,1. Kinematic Axiomatization and 5D Unification (Kaluza-Klein),,,unclassified,CONCLUSION,,,,NOT_CHECKED,NONE_ASSIGNED,UNREVIEWED,,,Pending atomicity and scientific review.
UMCH-CLM-0170,UMCH-SRC-P0170,1.1 The Minimum Curvature Constraint,,,geometry,CONCLUSION,,,,NOT_CHECKED,NONE_ASSIGNED,UNREVIEWED,,,Pending atomicity and scientific review.
UMCH-CLM-0171,UMCH-SRC-P0171,"We assume that in a 4D spacetime with metric gμν​ and signature (−,+,+,+), the worldline xμ(τ) of a charged particle of mass m0​ and charge q satisfies the kinematic equations in the 4D Frenet-Serret frame:",,,gravitation,ASSUMPTION,,UMCH-EQ-0100,,NOT_CHECKED,NONE_ASSIGNED,UNREVIEWED,,,Pending atomicity and scientific review.
UMCH-CLM-0172,UMCH-SRC-P0172,"dτDUμ​=Aμ=c2κ(τ)Nμ,with κ(τ)≥κ0​>0",,,geometry,CONJECTURE,,UMCH-EQ-0101,,NOT_CHECKED,NONE_ASSIGNED,UNREVIEWED,,,Pending atomicity and scientific review.
UMCH-CLM-0173,UMCH-SRC-P0173,"where Uμ=dτdxμ​ is the four-velocity (UμUμ​=−c2), Nμ is the unit normal four-vector (NμNμ​=1), and κ(τ) denotes the proper geodesic curvature.",,,geometry,CONJECTURE,,UMCH-EQ-0102,,NOT_CHECKED,NONE_ASSIGNED,UNREVIEWED,,,Pending atomicity and scientific review.
UMCH-CLM-0174,UMCH-SRC-P0174,1.2 5D Geodesics and Gauge Projection,,,geometry,CONCLUSION,,,,NOT_CHECKED,NONE_ASSIGNED,UNREVIEWED,,,Pending atomicity and scientific review.
UMCH-CLM-0175,UMCH-SRC-P0175,"In extended 5D Kaluza-Klein formalism, the 5-dimensional spacetime possesses a metric tensor g^​AB​ (A,B=0,1,2,3,5):",,,gravitation,CONJECTURE,,UMCH-EQ-0103,,NOT_CHECKED,NONE_ASSIGNED,UNREVIEWED,,,Pending atomicity and scientific review.
UMCH-CLM-0176,UMCH-SRC-P0176,g^​AB​dxAdxB=gμν​dxμdxν+ϕ2(dx5+kAμ​dxμ)2,,,unclassified,CONJECTURE,,UMCH-EQ-0104,,NOT_CHECKED,NONE_ASSIGNED,UNREVIEWED,,,Pending atomicity and scientific review.
UMCH-CLM-0177,UMCH-SRC-P0177,Setting the dilatonic scalar ϕ=1 and coupling constant k=c416πGϵ0​​​=m0​c22q​.,,,unclassified,CONJECTURE,,UMCH-EQ-0105,,NOT_CHECKED,NONE_ASSIGNED,UNREVIEWED,,,Pending atomicity and scientific review.
UMCH-CLM-0178,UMCH-SRC-P0178,The 5D geodesic equation for a free particle is:,,,geometry,CONJECTURE,,,,NOT_CHECKED,NONE_ASSIGNED,UNREVIEWED,,,Pending atomicity and scientific review.
UMCH-CLM-0179,UMCH-SRC-P0179,dτ^2d2xA​+Γ^BCA​dτ^dxB​dτ^dxC​=0,,,unclassified,CONJECTURE,,UMCH-EQ-0106,,NOT_CHECKED,NONE_ASSIGNED,UNREVIEWED,,,Pending atomicity and scientific review.
UMCH-CLM-0180,UMCH-SRC-P0180,Projecting the first four components (A=μ) onto 4D spacetime yields:,,,gravitation,DERIVATION,,UMCH-EQ-0107,,NOT_CHECKED,NONE_ASSIGNED,UNREVIEWED,,,Pending atomicity and scientific review.
UMCH-CLM-0181,UMCH-SRC-P0181,dτDUμ​=m0​q​Fμνuν​,,,unclassified,CONJECTURE,,UMCH-EQ-0108,,NOT_CHECKED,NONE_ASSIGNED,UNREVIEWED,,,Pending atomicity and scientific review.
UMCH-CLM-0182,UMCH-SRC-P0182,Taking the norm of the four-acceleration under the constraint κ≥κ0​:,,,geometry,CONJECTURE,,UMCH-EQ-0109,,NOT_CHECKED,NONE_ASSIGNED,UNREVIEWED,,,Pending atomicity and scientific review.
UMCH-CLM-0183,UMCH-SRC-P0183,κ2=c4gμα​AμAα​=(m0​c2q​)2gμα​FμνFαβUν​Uβ​≥κ02​>0,,,geometry,CONJECTURE,,UMCH-EQ-0110,,NOT_CHECKED,NONE_ASSIGNED,UNREVIEWED,,,Pending atomicity and scientific review.
UMCH-CLM-0184,UMCH-SRC-P0184,Result: The electromagnetic field tensor Fμν​ and the Riemann curvature tensor Rαβμν​ are intrinsically coupled: Fμν​ is the required geometric manifestation ensuring that the worldline maintains minimum kinematic curvature κ0​.,,,geometry,CONJECTURE,,UMCH-EQ-0111,,NOT_CHECKED,NONE_ASSIGNED,UNREVIEWED,,,Pending atomicity and scientific review.
UMCH-CLM-0185,UMCH-SRC-P0185,2. Radiation Reaction Dynamics: ALD Regularization and DeWitt-Brehme,,,radiation-reaction,CONCLUSION,,,,NOT_CHECKED,NONE_ASSIGNED,UNREVIEWED,,,Pending atomicity and scientific review.
UMCH-CLM-0186,UMCH-SRC-P0186,2.1 Regularization of the Abraham-Lorentz-Dirac Equation,,,radiation-reaction,CONCLUSION,,,,NOT_CHECKED,NONE_ASSIGNED,UNREVIEWED,,,Pending atomicity and scientific review.
UMCH-CLM-0187,UMCH-SRC-P0187,The classical Abraham-Lorentz-Dirac (ALD) equation describing radiation self-force is:,,,radiation-reaction,CONJECTURE,,,,NOT_CHECKED,NONE_ASSIGNED,UNREVIEWED,,,Pending atomicity and scientific review.
UMCH-CLM-0188,UMCH-SRC-P0188,m0​Aμ=Fextμ​+τ0​m0​(dτDAμ​−c2Aα​Aα​Uμ),,,unclassified,CONJECTURE,,UMCH-EQ-0112,,NOT_CHECKED,NONE_ASSIGNED,UNREVIEWED,,,Pending atomicity and scientific review.
UMCH-CLM-0189,UMCH-SRC-P0189,where τ0​=6πϵ0​m0​c3q2​. Expanding the derivative of four-acceleration via 4D Frenet-Serret relations:,,,geometry,CONJECTURE,,UMCH-EQ-0113,,NOT_CHECKED,NONE_ASSIGNED,UNREVIEWED,,,Pending atomicity and scientific review.
UMCH-CLM-0190,UMCH-SRC-P0190,dτDAμ​=c2κ˙Nμ+c2κ2Uμ+c2κτ1​Bμ,,,geometry,CONJECTURE,,UMCH-EQ-0114,,NOT_CHECKED,NONE_ASSIGNED,UNREVIEWED,,,Pending atomicity and scientific review.
UMCH-CLM-0191,UMCH-SRC-P0191,"where Bμ is the unit binormal four-vector and τ1​ is the geodesic torsion. Substituting into the ALD equation, the term proportional to Uμ (c2κ2Uμ) cancels the Schottky term −c2Aα​Aα​Uμ=−c2κ2Uμ:",,,geometry,CONJECTURE,,UMCH-EQ-0115,,NOT_CHECKED,NONE_ASSIGNED,UNREVIEWED,,,Pending atomicity and scientific review.
UMCH-CLM-0192,UMCH-SRC-P0192,Fradμ​=τ0​m0​c2(κ˙Nμ+κτ1​Bμ),,,geometry,CONJECTURE,,UMCH-EQ-0116,,NOT_CHECKED,NONE_ASSIGNED,UNREVIEWED,,,Pending atomicity and scientific review.
UMCH-CLM-0193,UMCH-SRC-P0193,"Under constant minimum curvature κ(τ)=κ0​⟹κ˙=0, the equation of motion becomes:",,,geometry,CONJECTURE,,UMCH-EQ-0117,,NOT_CHECKED,NONE_ASSIGNED,UNREVIEWED,,,Pending atomicity and scientific review.
UMCH-CLM-0194,UMCH-SRC-P0194,m0​c2κ0​Nμ=Fextμ​+τ0​m0​c2κ0​τ1​Bμ,,,geometry,CONJECTURE,,UMCH-EQ-0118,,NOT_CHECKED,NONE_ASSIGNED,UNREVIEWED,,,Pending atomicity and scientific review.
UMCH-CLM-0195,UMCH-SRC-P0195,"Since self-force acts exclusively along the binormal Bμ, components along normal Nμ contain no higher-order time derivatives, analytically eliminating unstable runaway solutions.",,,radiation-reaction,CONJECTURE,,UMCH-EQ-0119,,NOT_CHECKED,NONE_ASSIGNED,UNREVIEWED,,,Pending atomicity and scientific review.
UMCH-CLM-0196,UMCH-SRC-P0196,2.2 DeWitt-Brehme Equation in Curved Spacetimes,,,gravitation,CONCLUSION,,,,NOT_CHECKED,NONE_ASSIGNED,UNREVIEWED,,,Pending atomicity and scientific review.
UMCH-CLM-0197,UMCH-SRC-P0197,"In the presence of background gravitational curvature Rαβμν​=0, electromagnetic radiation propagates on and within the lightcone. The equation of motion generalizes to the DeWitt-Brehme equation:",,,gravitation,CONJECTURE,,UMCH-EQ-0120,,NOT_CHECKED,NONE_ASSIGNED,UNREVIEWED,,,Pending atomicity and scientific review.
UMCH-CLM-0198,UMCH-SRC-P0198,"m0​Aμ=qFextμν​Uν​+32​c3q2​m0​(dτDAμ​−c2κ02​Uμ)+q2Uν​∫−∞τ​∇[μGα′ν]​(x(τ),x′(τ′))Uα′dτ′",,,geometry,CONJECTURE,,UMCH-EQ-0121,,NOT_CHECKED,NONE_ASSIGNED,UNREVIEWED,,,Pending atomicity and scientific review.
UMCH-CLM-0199,UMCH-SRC-P0199,"where Gα′ν​(x,x′) is the retarded Green's tensor in curved spacetime. The tail integral couples the charge q to the Riemann tensor along its entire past worldline.",,,gravitation,CONJECTURE,,UMCH-EQ-0122,,NOT_CHECKED,NONE_ASSIGNED,UNREVIEWED,,,Pending atomicity and scientific review.
UMCH-CLM-0200,UMCH-SRC-P0200,3. Gauge-Gravity Duality: Quantum BCJ Double Copy,,,gravitation,CONCLUSION,,,,NOT_CHECKED,NONE_ASSIGNED,UNREVIEWED,,,Pending atomicity and scientific review.
UMCH-CLM-0201,UMCH-SRC-P0201,"At the quantum perturbative level, the connection between U(1) / Yang-Mills gauge theory and linearized quantum gravity is governed by the Bern-Carrasco-Johansson (BCJ) double copy.",,,gravitation,CONJECTURE,,,,NOT_CHECKED,NONE_ASSIGNED,UNREVIEWED,,,Pending atomicity and scientific review.
UMCH-CLM-0202,UMCH-SRC-P0202,The n-point scattering amplitude in gauge theory is:,,,unclassified,CONJECTURE,,,,NOT_CHECKED,NONE_ASSIGNED,UNREVIEWED,,,Pending atomicity and scientific review.
UMCH-CLM-0203,UMCH-SRC-P0203,An​=gn−2i∑​Di​ci​ni​​,,,unclassified,CONJECTURE,,UMCH-EQ-0123,,NOT_CHECKED,NONE_ASSIGNED,UNREVIEWED,,,Pending atomicity and scientific review.
UMCH-CLM-0204,UMCH-SRC-P0204,"where ci​ are color factors, Di​ are quadratic propagators, and ni​ are kinematic factors depending on polarizations ϵμ​ and four-momenta kμ​.",,,unclassified,CONJECTURE,,UMCH-EQ-0124,,NOT_CHECKED,NONE_ASSIGNED,UNREVIEWED,,,Pending atomicity and scientific review.
UMCH-CLM-0205,UMCH-SRC-P0205,Replacing color factors ci​ with kinematic factors ni​ (ci​→ni​) yields the gravitational scattering amplitude Mn​:,,,gravitation,DERIVATION,,,,NOT_CHECKED,NONE_ASSIGNED,UNREVIEWED,,,Pending atomicity and scientific review.
UMCH-CLM-0206,UMCH-SRC-P0206,Mn​=(2κgrav​​)n−2i∑​Di​ni2​​,,,geometry,CONJECTURE,,UMCH-EQ-0125,,NOT_CHECKED,NONE_ASSIGNED,UNREVIEWED,,,Pending atomicity and scientific review.
UMCH-CLM-0207,UMCH-SRC-P0207,"Because source motion obeys a lower kinematic bound κ0​, kinematic numerators contain (k⋅A)=c2κ0​(k⋅N)=0. Consequently:",,,geometry,CONJECTURE,,UMCH-EQ-0126,,NOT_CHECKED,NONE_ASSIGNED,UNREVIEWED,,,Pending atomicity and scientific review.
UMCH-CLM-0208,UMCH-SRC-P0208,ni​(κ0​)=0⟹Mn​∝[An​]2,,,geometry,CONJECTURE,,UMCH-EQ-0127,,NOT_CHECKED,NONE_ASSIGNED,UNREVIEWED,,,Pending atomicity and scientific review.
UMCH-CLM-0209,UMCH-SRC-P0209,"Every photon scattering/emission process of norm κ0​ directly maps to a corresponding graviton process, confirming (Gravity)∼(Gauge)2.",,,gravitation,CONJECTURE,,UMCH-EQ-0128,,NOT_CHECKED,NONE_ASSIGNED,UNREVIEWED,,,Pending atomicity and scientific review.
UMCH-CLM-0210,UMCH-SRC-P0210,"4. Coherent States, OAM, and Intrinsic Gravitational Decoherence",,,gravitation,CONCLUSION,,,,NOT_CHECKED,NONE_ASSIGNED,UNREVIEWED,,,Pending atomicity and scientific review.
UMCH-CLM-0211,UMCH-SRC-P0211,4.1 Photon and Graviton Coherent States,,,gravitation,CONCLUSION,,,,NOT_CHECKED,NONE_ASSIGNED,UNREVIEWED,,,Pending atomicity and scientific review.
UMCH-CLM-0212,UMCH-SRC-P0212,A charge executing helical motion with curvature κ0​ and torsion τ1​ generates Glauber coherent states:,,,geometry,CONJECTURE,,UMCH-EQ-0129,,NOT_CHECKED,NONE_ASSIGNED,UNREVIEWED,,,Pending atomicity and scientific review.
UMCH-CLM-0213,UMCH-SRC-P0213,"∣ΨEM​⟩=D^[α]∣0⟩,∣Ψgrav​⟩=D^[β]∣0G​⟩",,,unclassified,CONJECTURE,,UMCH-EQ-0130,,NOT_CHECKED,NONE_ASSIGNED,UNREVIEWED,,,Pending atomicity and scientific review.
UMCH-CLM-0214,UMCH-SRC-P0214,"The coherence amplitudes α(k,λ) and β(k,σ) are:",,,unclassified,CONJECTURE,,,,NOT_CHECKED,NONE_ASSIGNED,UNREVIEWED,,,Pending atomicity and scientific review.
UMCH-CLM-0215,UMCH-SRC-P0215,"α(k,λ)=ℏ2ωk​ϵ0​​iq​ϵμ(λ)∗​∫−∞∞​dτUμ(τ)eik⋅x(τ)",,,unclassified,CONJECTURE,,UMCH-EQ-0131,,NOT_CHECKED,NONE_ASSIGNED,UNREVIEWED,,,Pending atomicity and scientific review.
UMCH-CLM-0216,UMCH-SRC-P0216,"β(k,σ)=2ℏ2ωk​​i16πG​m0​c​ϵμν(σ)∗​∫−∞∞​dτUμ(τ)Uν(τ)eik⋅x(τ)",,,unclassified,CONJECTURE,,UMCH-EQ-0132,,NOT_CHECKED,NONE_ASSIGNED,UNREVIEWED,,,Pending atomicity and scientific review.
UMCH-CLM-0217,UMCH-SRC-P0217,"Expanding xμ(τ) in the Frenet-Serret frame yields Airy-type integrals, and emitted quanta carry quantized Orbital Angular Momentum (OAM):",,,quantum-fields,DERIVATION,,UMCH-EQ-0133,,NOT_CHECKED,NONE_ASSIGNED,UNREVIEWED,,,Pending atomicity and scientific review.
UMCH-CLM-0218,UMCH-SRC-P0218,"Lz(EM)​=ℏℓ,Jz(grav)​=(ℓ±2)ℏ,where ℓ≈⌊τ1​R⌋",,,unclassified,CONJECTURE,,UMCH-EQ-0134,,NOT_CHECKED,NONE_ASSIGNED,UNREVIEWED,,,Pending atomicity and scientific review.
UMCH-CLM-0219,UMCH-SRC-P0219,4.2 Intrinsic Gravitational Decoherence vs. Diósi-Penrose Model,,,gravitation,CONCLUSION,,,,NOT_CHECKED,NONE_ASSIGNED,UNREVIEWED,,,Pending atomicity and scientific review.
UMCH-CLM-0220,UMCH-SRC-P0220,Graviton emission leads to decoherence of spatial superpositions with rate Γκ0​​:,,,gravitation,CONJECTURE,,UMCH-EQ-0135,,NOT_CHECKED,NONE_ASSIGNED,UNREVIEWED,,,Pending atomicity and scientific review.
UMCH-CLM-0221,UMCH-SRC-P0221,"Γκ0​​=ℏGm02​c3κ02​​(λeff​∣Δx∣​)2f(κ0​,τ1​)",,,geometry,CONJECTURE,,UMCH-EQ-0136,,NOT_CHECKED,NONE_ASSIGNED,UNREVIEWED,,,Pending atomicity and scientific review.
UMCH-CLM-0222,UMCH-SRC-P0222,"Unlike the Diósi-Penrose model, which suffers from UV divergences and requires ad hoc spatial cutoffs R0​, the κ0​ model is inherently regular with a natural cutoff scale κ0−1​ and predicts no unphysical isotropic stochastic heating.",,,geometry,CONJECTURE,,UMCH-EQ-0137,,NOT_CHECKED,NONE_ASSIGNED,UNREVIEWED,,,Pending atomicity and scientific review.
UMCH-CLM-0223,UMCH-SRC-P0223,5. Power Ratio R and Reissner-Nordström Horizon Effects,,,unclassified,CONCLUSION,,,,NOT_CHECKED,NONE_ASSIGNED,UNREVIEWED,,,Pending atomicity and scientific review.
UMCH-CLM-0224,UMCH-SRC-P0224,5.1 Exact Derivation of Ratio R,,,unclassified,CONCLUSION,,,,NOT_CHECKED,NONE_ASSIGNED,UNREVIEWED,,,Pending atomicity and scientific review.
UMCH-CLM-0225,UMCH-SRC-P0225,The ratio between emitted electromagnetic power (Larmor) and gravitational power (Einstein-Larmor) for a particle moving at velocity v=βc with acceleration a=c2κ0​ is:,,,gravitation,CONJECTURE,,UMCH-EQ-0138,,NOT_CHECKED,NONE_ASSIGNED,UNREVIEWED,,,Pending atomicity and scientific review.
UMCH-CLM-0226,UMCH-SRC-P0226,R=Pgrav​PEM​​=52Gm02​c5κ02​β2​6πϵ0​q2cκ02​​​=12πϵ0​Gβ2c45​(m0​q​)2=3β2c25​(FG​FE​​),,,geometry,CONJECTURE,,UMCH-EQ-0139,,NOT_CHECKED,NONE_ASSIGNED,UNREVIEWED,,,Pending atomicity and scientific review.
UMCH-CLM-0227,UMCH-SRC-P0227,"The parameter κ02​ cancels completely, proving that R is a structural constant of the coupled system.",,,geometry,CONJECTURE,,UMCH-EQ-0140,,NOT_CHECKED,NONE_ASSIGNED,UNREVIEWED,,,Pending atomicity and scientific review.
UMCH-CLM-0228,UMCH-SRC-P0228,5.2 Horizon Physics in Reissner-Nordström Metric,,,unclassified,CONCLUSION,,,,NOT_CHECKED,NONE_ASSIGNED,UNREVIEWED,,,Pending atomicity and scientific review.
UMCH-CLM-0229,UMCH-SRC-P0229,Near the event horizon r+​ of a charged black hole:,,,unclassified,CONJECTURE,,,,NOT_CHECKED,NONE_ASSIGNED,UNREVIEWED,,,Pending atomicity and scientific review.
UMCH-CLM-0230,UMCH-SRC-P0230,"FIDO Limit (β→1): Local stationary observers measure β→1, stabilizing Rhorizon​=12πϵ0​Gc45​(q/m0​)2.",,,unclassified,CONJECTURE,,UMCH-EQ-0141,,NOT_CHECKED,NONE_ASSIGNED,UNREVIEWED,,,Pending atomicity and scientific review.
UMCH-CLM-0231,UMCH-SRC-P0231,Gertsenshtein Mode Conversion: The radial electric field E(r)=Q/(4πϵ0​r2) induces resonant conversion between spin-1 and spin-2 modes.,,,unclassified,CONJECTURE,,UMCH-EQ-0142,,NOT_CHECKED,NONE_ASSIGNED,UNREVIEWED,,,Pending atomicity and scientific review.
UMCH-CLM-0232,UMCH-SRC-P0232,"Greybody Factors: Potential barrier transmission Ts​(ω) suppresses s=2 modes more heavily than s=1 modes (Ts=2​<Ts=1​), elevating the asymptotic ratio observed at infinity (R∞​>Rhorizon​).",,,unclassified,CONJECTURE,,UMCH-EQ-0143,,NOT_CHECKED,NONE_ASSIGNED,UNREVIEWED,,,Pending atomicity and scientific review.
UMCH-CLM-0233,UMCH-SRC-P0233,6. Conclusions,,,unclassified,CONCLUSION,,,,NOT_CHECKED,NONE_ASSIGNED,UNREVIEWED,,,Pending atomicity and scientific review.
UMCH-CLM-0234,UMCH-SRC-P0234,"The constraint κ0​>0 provides a unified mathematical foundation connecting classical electrodynamics, 5D geometry, radiation reaction regularization, and quantum gravity amplitudes.",,,gravitation,CONJECTURE,,UMCH-EQ-0144,,NOT_CHECKED,NONE_ASSIGNED,UNREVIEWED,,,Pending atomicity and scientific review.
UMCH-CLM-0235,UMCH-SRC-P0235,User prompt: Completa di dimistrazioni,,,unclassified,CONJECTURE,,,,NOT_CHECKED,NONE_ASSIGNED,UNREVIEWED,,,Pending atomicity and scientific review.
UMCH-CLM-0236,UMCH-SRC-P0236,Response: Appendici Matematiche: Dimostrazioni Completi dei Teoremi e delle Derivazioni,,,unclassified,CONCLUSION,,,,NOT_CHECKED,NONE_ASSIGNED,UNREVIEWED,,,Pending atomicity and scientific review.
UMCH-CLM-0237,UMCH-SRC-P0237,Appendice A: Proiezione Geodetica 5D di Kaluza-Klein e Derivazione del Vincolo κ0​,,,geometry,CONCLUSION,,,,NOT_CHECKED,NONE_ASSIGNED,UNREVIEWED,,,Pending atomicity and scientific review.
UMCH-CLM-0238,UMCH-SRC-P0238,A.1 Variazione dell'Azione Geodetica 5D,,,unclassified,CONCLUSION,,,,NOT_CHECKED,NONE_ASSIGNED,UNREVIEWED,,,Pending atomicity and scientific review.
UMCH-CLM-0239,UMCH-SRC-P0239,Consideriamo la varietà 5D dotata del tensore metrico g^​AB​ con coordinata extra compattificata x5:,,,unclassified,CONJECTURE,,,,NOT_CHECKED,NONE_ASSIGNED,UNREVIEWED,,,Pending atomicity and scientific review.
UMCH-CLM-0240,UMCH-SRC-P0240,g^​AB​=(gμν​+k2Aμ​Aν​kAν​​kAμ​1​),,,unclassified,CONJECTURE,,UMCH-EQ-0145,,NOT_CHECKED,NONE_ASSIGNED,UNREVIEWED,,,Pending atomicity and scientific review.
UMCH-CLM-0241,UMCH-SRC-P0241,dove k=m0​c22q​. L'azione per una particella libera 5D parametrizzata dal tempo proprio 5D τ^ è:,,,unclassified,CONJECTURE,,UMCH-EQ-0146,,NOT_CHECKED,NONE_ASSIGNED,UNREVIEWED,,,Pending atomicity and scientific review.
UMCH-CLM-0242,UMCH-SRC-P0242,S=−m0​c∫dτ^−g^​AB​dτ^dxA​dτ^dxB​​,,,unclassified,CONJECTURE,,UMCH-EQ-0147,,NOT_CHECKED,NONE_ASSIGNED,UNREVIEWED,,,Pending atomicity and scientific review.
UMCH-CLM-0243,UMCH-SRC-P0243,La lagrangiana equivalente in forma quadratica è:,,,unclassified,CONJECTURE,,,,NOT_CHECKED,NONE_ASSIGNED,UNREVIEWED,,,Pending atomicity and scientific review.
UMCH-CLM-0244,UMCH-SRC-P0244,L^=21​g^​AB​dτ^dxA​dτ^dxB​=21​gμν​dτ^dxμ​dτ^dxν​+21​(dτ^dx5​+kAμ​dτ^dxμ​)2,,,unclassified,CONJECTURE,,UMCH-EQ-0148,,NOT_CHECKED,NONE_ASSIGNED,UNREVIEWED,,,Pending atomicity and scientific review.
UMCH-CLM-0245,UMCH-SRC-P0245,A.2 Conservazione del Momento Extra-Dimensionale,,,unclassified,CONCLUSION,,,,NOT_CHECKED,NONE_ASSIGNED,UNREVIEWED,,,Pending atomicity and scientific review.
UMCH-CLM-0246,UMCH-SRC-P0246,"Poiché la metrica g^​AB​ possiede una simmetria d'isometria rispetto alle traslazioni lungo la quinta coordinata (∂x5∂g^​AB​​=0), il momento coniugato p5​ è una costante del moto:",,,unclassified,CONJECTURE,,UMCH-EQ-0149,,NOT_CHECKED,NONE_ASSIGNED,UNREVIEWED,,,Pending atomicity and scientific review.
UMCH-CLM-0247,UMCH-SRC-P0247,p5​=∂(dx5/dτ^)∂L^​=g^​5B​dτ^dxB​=dτ^dx5​+kAμ​dτ^dxμ​=costante,,,unclassified,CONJECTURE,,UMCH-EQ-0150,,NOT_CHECKED,NONE_ASSIGNED,UNREVIEWED,,,Pending atomicity and scientific review.
UMCH-CLM-0248,UMCH-SRC-P0248,"Identificando la carica elettrica q come la componente scalata del momento lungo la quinta dimensione, poniamo p5​=m0​ckq​=2c​.",,,unclassified,CONJECTURE,,UMCH-EQ-0151,,NOT_CHECKED,NONE_ASSIGNED,UNREVIEWED,,,Pending atomicity and scientific review.
UMCH-CLM-0249,UMCH-SRC-P0249,A.3 Equazioni del Moto 4D Proiettate,,,unclassified,CONCLUSION,,,,NOT_CHECKED,NONE_ASSIGNED,UNREVIEWED,,,Pending atomicity and scientific review.
UMCH-CLM-0250,UMCH-SRC-P0250,Applicando le equazioni di Eulero-Lagrange per le componenti spaziotemporali xμ:,,,gravitation,CONJECTURE,,UMCH-EQ-0152,,NOT_CHECKED,NONE_ASSIGNED,UNREVIEWED,,,Pending atomicity and scientific review.
UMCH-CLM-0251,UMCH-SRC-P0251,dτ^d​(∂(dxμ/dτ^)∂L^​)−∂xμ∂L^​=0,,,unclassified,CONJECTURE,,UMCH-EQ-0153,,NOT_CHECKED,NONE_ASSIGNED,UNREVIEWED,,,Pending atomicity and scientific review.
UMCH-CLM-0252,UMCH-SRC-P0252,Calcoliamo le derivate parziali:,,,unclassified,CONJECTURE,,,,NOT_CHECKED,NONE_ASSIGNED,UNREVIEWED,,,Pending atomicity and scientific review.
UMCH-CLM-0253,UMCH-SRC-P0253,∂(dxμ/dτ^)∂L^​=gμν​dτ^dxν​+kAμ​(dτ^dx5​+kAα​dτ^dxα​)=gμν​dτ^dxν​+kAμ​p5​,,,unclassified,CONJECTURE,,UMCH-EQ-0154,,NOT_CHECKED,NONE_ASSIGNED,UNREVIEWED,,,Pending atomicity and scientific review.
UMCH-CLM-0254,UMCH-SRC-P0254,∂xμ∂L^​=21​∂μ​gαβ​dτ^dxα​dτ^dxβ​+k(∂μ​Aα​)dτ^dxα​(dτ^dx5​+kAβ​dτ^dxβ​)=21​∂μ​gαβ​dτ^dxα​dτ^dxβ​+kp5​(∂μ​Aα​)dτ^dxα​,,,unclassified,CONJECTURE,,UMCH-EQ-0155,,NOT_CHECKED,NONE_ASSIGNED,UNREVIEWED,,,Pending atomicity and scientific review.
UMCH-CLM-0255,UMCH-SRC-P0255,Sostituendo nell'equazione del moto e riordinando i termini con la derivata covariante 4D D/dτ:,,,unclassified,CONJECTURE,,UMCH-EQ-0156,,NOT_CHECKED,NONE_ASSIGNED,UNREVIEWED,,,Pending atomicity and scientific review.
UMCH-CLM-0256,UMCH-SRC-P0256,gμν​dτDUν​+kp5​(dτdAμ​​−(∂μ​Aα​)Uα)=0,,,unclassified,CONJECTURE,,UMCH-EQ-0157,,NOT_CHECKED,NONE_ASSIGNED,UNREVIEWED,,,Pending atomicity and scientific review.
UMCH-CLM-0257,UMCH-SRC-P0257,Sviluppando dτdAμ​​=(∂α​Aμ​)Uα:,,,unclassified,CONJECTURE,,UMCH-EQ-0158,,NOT_CHECKED,NONE_ASSIGNED,UNREVIEWED,,,Pending atomicity and scientific review.
UMCH-CLM-0258,UMCH-SRC-P0258,gμν​dτDUν​=kp5​(∂μ​Aα​−∂α​Aμ​)Uα=kp5​Fμα​Uα,,,unclassified,CONJECTURE,,UMCH-EQ-0159,,NOT_CHECKED,NONE_ASSIGNED,UNREVIEWED,,,Pending atomicity and scientific review.
UMCH-CLM-0259,UMCH-SRC-P0259,"Sostituendo k=m0​c22q​ e p5​=2c​, il coefficiente diventa kp5​=m0​cq​, ottenendo l'equazione della forza di Lorentz:",,,unclassified,CONJECTURE,,UMCH-EQ-0160,,NOT_CHECKED,NONE_ASSIGNED,UNREVIEWED,,,Pending atomicity and scientific review.
UMCH-CLM-0260,UMCH-SRC-P0260,dτDUμ​=m0​q​Fμα​Uα,,,unclassified,CONJECTURE,,UMCH-EQ-0161,,NOT_CHECKED,NONE_ASSIGNED,UNREVIEWED,,,Pending atomicity and scientific review.
UMCH-CLM-0261,UMCH-SRC-P0261,A.4 Norma dell'Accelerazione e Vincolo κ0​,,,geometry,CONCLUSION,,,,NOT_CHECKED,NONE_ASSIGNED,UNREVIEWED,,,Pending atomicity and scientific review.
UMCH-CLM-0262,UMCH-SRC-P0262,Calcolando il prodotto scalare della quadri-accelerazione Aμ=dτDUμ​:,,,unclassified,CONJECTURE,,UMCH-EQ-0162,,NOT_CHECKED,NONE_ASSIGNED,UNREVIEWED,,,Pending atomicity and scientific review.
UMCH-CLM-0263,UMCH-SRC-P0263,AμAμ​=gμν​AμAν=(m0​q​)2gμν​Fμα​UαFνβ​Uβ,,,unclassified,CONJECTURE,,UMCH-EQ-0163,,NOT_CHECKED,NONE_ASSIGNED,UNREVIEWED,,,Pending atomicity and scientific review.
UMCH-CLM-0264,UMCH-SRC-P0264,"Poiché AμAμ​=c4κ2(τ), imponendo l'assioma di curvatura minima cinematica κ(τ)≥κ0​:",,,geometry,CONJECTURE,,UMCH-EQ-0164,,NOT_CHECKED,NONE_ASSIGNED,UNREVIEWED,,,Pending atomicity and scientific review.
UMCH-CLM-0265,UMCH-SRC-P0265,c4κ2(τ)=(m0​q​)2Fμα​Fμβ​UαUβ≥c4κ02​>0■,,,geometry,CONJECTURE,,UMCH-EQ-0165,,NOT_CHECKED,NONE_ASSIGNED,UNREVIEWED,,,Pending atomicity and scientific review.
UMCH-CLM-0266,UMCH-SRC-P0266,Appendice B: Analisi di Frenet-Serret e Soppressione dei Moti Runaway nell'Equazione ALD,,,radiation-reaction,CONCLUSION,,,,NOT_CHECKED,NONE_ASSIGNED,UNREVIEWED,,,Pending atomicity and scientific review.
UMCH-CLM-0267,UMCH-SRC-P0267,B.1 Il Formalismo della Tetrade di Frenet-Serret 4D,,,geometry,CONCLUSION,,,,NOT_CHECKED,NONE_ASSIGNED,UNREVIEWED,,,Pending atomicity and scientific review.
UMCH-CLM-0268,UMCH-SRC-P0268,"Sia xμ(τ) una linea d'universo di tipo tempo. Definiamo la tetrade ortonormale di Frenet-Serret {e0μ​,e1μ​,e2μ​,e3μ​}≡{Uμ/c,Nμ,Bμ,Cμ} con relazioni di ortonormalità:",,,cosmology,CONJECTURE,,UMCH-EQ-0166,,NOT_CHECKED,NONE_ASSIGNED,UNREVIEWED,,,Pending atomicity and scientific review.
UMCH-CLM-0269,UMCH-SRC-P0269,"UμUμ​=−c2,NμNμ​=1,BμBμ​=1,CμCμ​=1",,,unclassified,CONJECTURE,,UMCH-EQ-0167,,NOT_CHECKED,NONE_ASSIGNED,UNREVIEWED,,,Pending atomicity and scientific review.
UMCH-CLM-0270,UMCH-SRC-P0270,UμNμ​=UμBμ​=UμCμ​=NμBμ​=NμCμ​=BμCμ​=0,,,unclassified,CONJECTURE,,UMCH-EQ-0168,,NOT_CHECKED,NONE_ASSIGNED,UNREVIEWED,,,Pending atomicity and scientific review.
UMCH-CLM-0271,UMCH-SRC-P0271,Le equazioni cinematiche differenziali di Frenet-Serret sono:,,,geometry,CONJECTURE,,,,NOT_CHECKED,NONE_ASSIGNED,UNREVIEWED,,,Pending atomicity and scientific review.
UMCH-CLM-0272,UMCH-SRC-P0272,dτDUμ​=c2κNμ,,,geometry,CONJECTURE,,UMCH-EQ-0169,,NOT_CHECKED,NONE_ASSIGNED,UNREVIEWED,,,Pending atomicity and scientific review.
UMCH-CLM-0273,UMCH-SRC-P0273,dτDNμ​=κUμ+cτ1​Bμ,,,geometry,CONJECTURE,,UMCH-EQ-0170,,NOT_CHECKED,NONE_ASSIGNED,UNREVIEWED,,,Pending atomicity and scientific review.
UMCH-CLM-0274,UMCH-SRC-P0274,dτDBμ​=−cτ1​Nμ+cτ2​Cμ,,,unclassified,CONJECTURE,,UMCH-EQ-0171,,NOT_CHECKED,NONE_ASSIGNED,UNREVIEWED,,,Pending atomicity and scientific review.
UMCH-CLM-0275,UMCH-SRC-P0275,dτDCμ​=−cτ2​Bμ,,,unclassified,CONJECTURE,,UMCH-EQ-0172,,NOT_CHECKED,NONE_ASSIGNED,UNREVIEWED,,,Pending atomicity and scientific review.
UMCH-CLM-0276,UMCH-SRC-P0276,"dove κ(τ) è la curvatura geodetica, τ1​(τ) è la prima torsione e τ2​(τ) la seconda torsione.",,,geometry,CONJECTURE,,UMCH-EQ-0173,,NOT_CHECKED,NONE_ASSIGNED,UNREVIEWED,,,Pending atomicity and scientific review.
UMCH-CLM-0277,UMCH-SRC-P0277,B.2 Sviluppo della Derivata Covariante della Quadri-Accelerazione,,,unclassified,CONCLUSION,,,,NOT_CHECKED,NONE_ASSIGNED,UNREVIEWED,,,Pending atomicity and scientific review.
UMCH-CLM-0278,UMCH-SRC-P0278,Sostituiamo la quadri-accelerazione Aμ=c2κNμ nella sua derivata rispetto al tempo proprio:,,,geometry,CONJECTURE,,UMCH-EQ-0174,,NOT_CHECKED,NONE_ASSIGNED,UNREVIEWED,,,Pending atomicity and scientific review.
UMCH-CLM-0279,UMCH-SRC-P0279,dτDAμ​=dτD​(c2κNμ)=c2κ˙Nμ+c2κdτDNμ​,,,geometry,CONJECTURE,,UMCH-EQ-0175,,NOT_CHECKED,NONE_ASSIGNED,UNREVIEWED,,,Pending atomicity and scientific review.
UMCH-CLM-0280,UMCH-SRC-P0280,Sostituendo l'equazione di Frenet-Serret per dτDNμ​:,,,geometry,CONJECTURE,,UMCH-EQ-0176,,NOT_CHECKED,NONE_ASSIGNED,UNREVIEWED,,,Pending atomicity and scientific review.
UMCH-CLM-0281,UMCH-SRC-P0281,dτDAμ​=c2κ˙Nμ+c2κ(κUμ+cτ1​Bμ)=c2κ˙Nμ+c2κ2Uμ+c3κτ1​Bμ,,,geometry,CONJECTURE,,UMCH-EQ-0177,,NOT_CHECKED,NONE_ASSIGNED,UNREVIEWED,,,Pending atomicity and scientific review.
UMCH-CLM-0282,UMCH-SRC-P0282,B.3 Cancellazione del Termine di Schottky,,,unclassified,CONCLUSION,,,,NOT_CHECKED,NONE_ASSIGNED,UNREVIEWED,,,Pending atomicity and scientific review.
UMCH-CLM-0283,UMCH-SRC-P0283,L'equazione di Abraham-Lorentz-Dirac (ALD) contiene la forza di radiazione:,,,radiation-reaction,CONJECTURE,,,,NOT_CHECKED,NONE_ASSIGNED,UNREVIEWED,,,Pending atomicity and scientific review.
UMCH-CLM-0284,UMCH-SRC-P0284,Fradμ​=τ0​m0​(dτDAμ​−c2Aα​Aα​Uμ),,,unclassified,CONJECTURE,,UMCH-EQ-0178,,NOT_CHECKED,NONE_ASSIGNED,UNREVIEWED,,,Pending atomicity and scientific review.
UMCH-CLM-0285,UMCH-SRC-P0285,Calcoliamo la norma della quadri-accelerazione Aα​Aα:,,,unclassified,CONJECTURE,,,,NOT_CHECKED,NONE_ASSIGNED,UNREVIEWED,,,Pending atomicity and scientific review.
UMCH-CLM-0286,UMCH-SRC-P0286,Aα​Aα=(c2κNα​)(c2κNα)=c4κ2(Nα​Nα)=c4κ2,,,geometry,CONJECTURE,,UMCH-EQ-0179,,NOT_CHECKED,NONE_ASSIGNED,UNREVIEWED,,,Pending atomicity and scientific review.
UMCH-CLM-0287,UMCH-SRC-P0287,Sostituiamo questo risultato nel termine di Schottky:,,,unclassified,CONJECTURE,,,,NOT_CHECKED,NONE_ASSIGNED,UNREVIEWED,,,Pending atomicity and scientific review.
UMCH-CLM-0288,UMCH-SRC-P0288,c2Aα​Aα​Uμ=c2c4κ2​Uμ=c2κ2Uμ,,,geometry,CONJECTURE,,UMCH-EQ-0180,,NOT_CHECKED,NONE_ASSIGNED,UNREVIEWED,,,Pending atomicity and scientific review.
UMCH-CLM-0289,UMCH-SRC-P0289,Inserendo sia dτDAμ​ che il termine di Schottky nell'espressione dell'auto-forza:,,,unclassified,CONJECTURE,,UMCH-EQ-0181,,NOT_CHECKED,NONE_ASSIGNED,UNREVIEWED,,,Pending atomicity and scientific review.
UMCH-CLM-0290,UMCH-SRC-P0290,Fradμ​=τ0​m0​([c2κ˙Nμ+c2κ2Uμ+c3κτ1​Bμ]−c2κ2Uμ),,,geometry,CONJECTURE,,UMCH-EQ-0182,,NOT_CHECKED,NONE_ASSIGNED,UNREVIEWED,,,Pending atomicity and scientific review.
UMCH-CLM-0291,UMCH-SRC-P0291,I termini proporzionali a Uμ si annullano identicamente:,,,unclassified,CONJECTURE,,UMCH-EQ-0183,,NOT_CHECKED,NONE_ASSIGNED,UNREVIEWED,,,Pending atomicity and scientific review.
UMCH-CLM-0292,UMCH-SRC-P0292,Fradμ​=τ0​m0​c2(κ˙Nμ+cκτ1​Bμ),,,geometry,CONJECTURE,,UMCH-EQ-0184,,NOT_CHECKED,NONE_ASSIGNED,UNREVIEWED,,,Pending atomicity and scientific review.
UMCH-CLM-0293,UMCH-SRC-P0293,B.4 Dimostrazione dell'Assenza di Soluzioni Divergenti (Runaway),,,radiation-reaction,CONCLUSION,,,,NOT_CHECKED,NONE_ASSIGNED,UNREVIEWED,,,Pending atomicity and scientific review.
UMCH-CLM-0294,UMCH-SRC-P0294,L'equazione del moto completa diventa:,,,unclassified,CONJECTURE,,,,NOT_CHECKED,NONE_ASSIGNED,UNREVIEWED,,,Pending atomicity and scientific review.
UMCH-CLM-0295,UMCH-SRC-P0295,m0​c2κNμ=Fextμ​+τ0​m0​c2κ˙Nμ+τ0​m0​c3κτ1​Bμ,,,geometry,CONJECTURE,,UMCH-EQ-0185,,NOT_CHECKED,NONE_ASSIGNED,UNREVIEWED,,,Pending atomicity and scientific review.
UMCH-CLM-0296,UMCH-SRC-P0296,"Imponendo il vincolo di curvatura minima costante κ(τ)=κ0​>0, la derivata temporale della curvatura si annulla identicamente (κ˙=0). L'equazione si riduce a:",,,geometry,CONJECTURE,,UMCH-EQ-0186,,NOT_CHECKED,NONE_ASSIGNED,UNREVIEWED,,,Pending atomicity and scientific review.
UMCH-CLM-0297,UMCH-SRC-P0297,m0​c2κ0​Nμ=Fextμ​+τ0​m0​c3κ0​τ1​Bμ,,,geometry,CONJECTURE,,UMCH-EQ-0187,,NOT_CHECKED,NONE_ASSIGNED,UNREVIEWED,,,Pending atomicity and scientific review.
UMCH-CLM-0298,UMCH-SRC-P0298,Analizziamo le proiezioni lungo la tetrade:,,,unclassified,CONJECTURE,,,,NOT_CHECKED,NONE_ASSIGNED,UNREVIEWED,,,Pending atomicity and scientific review.
UMCH-CLM-0299,UMCH-SRC-P0299,"Lungo Nμ: m0​c2κ0​=Fext​⋅N. Questa è un'equazione algebrica/differenziale di secondo ordine ordinaria, priva di derivate terze del campo delle posizioni x...​μ.",,,geometry,CONJECTURE,,UMCH-EQ-0188,,NOT_CHECKED,NONE_ASSIGNED,UNREVIEWED,,,Pending atomicity and scientific review.
UMCH-CLM-0300,UMCH-SRC-P0300,Lungo Bμ: 0=Fext​⋅B+τ0​m0​c3κ0​τ1​. L'auto-forza agisce come un vincolo geometrico che determina la torsione geodetica τ1​.,,,geometry,CONJECTURE,,UMCH-EQ-0189,,NOT_CHECKED,NONE_ASSIGNED,UNREVIEWED,,,Pending atomicity and scientific review.
UMCH-CLM-0301,UMCH-SRC-P0301,"Poiché la derivata dτDAμ​ lungo la normale è soppressa da κ˙=0, l'equazione caratteristica m0​a=τ0​m0​a˙ che genera le soluzioni esponenziali umane unphysical a(τ)=a(0)eτ/τ0​ non si forma. I moti runaway sono rigorosamente eliminati. ■",,,radiation-reaction,CONJECTURE,,UMCH-EQ-0190,,NOT_CHECKED,NONE_ASSIGNED,UNREVIEWED,,,Pending atomicity and scientific review.
UMCH-CLM-0302,UMCH-SRC-P0302,Appendice C: Derivazione della Funzione di Green e Termine di Coda nell'Equazione di DeWitt-Brehme,,,unclassified,CONCLUSION,,,,NOT_CHECKED,NONE_ASSIGNED,UNREVIEWED,,,Pending atomicity and scientific review.
UMCH-CLM-0303,UMCH-SRC-P0303,C.1 Decomposizione del Propagatore Ritardato in Spaziotempo Curvo,,,gravitation,CONCLUSION,,,,NOT_CHECKED,NONE_ASSIGNED,UNREVIEWED,,,Pending atomicity and scientific review.
UMCH-CLM-0304,UMCH-SRC-P0304,"In uno spaziotempo curvo descritto dal tensore di Riemann Rαβμν​, il tensore potenziale elettromagnetico Aμ​(x) in gauge di Lorenz (∇μAμ​=0) soddisfa l'equazione d'onda di Ricci-Lichnerowicz:",,,gravitation,CONJECTURE,,UMCH-EQ-0191,,NOT_CHECKED,NONE_ASSIGNED,UNREVIEWED,,,Pending atomicity and scientific review.
UMCH-CLM-0305,UMCH-SRC-P0305,□Aμ​−Rμ​νAν​=−μ0​jμ​,,,unclassified,CONJECTURE,,UMCH-EQ-0192,,NOT_CHECKED,NONE_ASSIGNED,UNREVIEWED,,,Pending atomicity and scientific review.
UMCH-CLM-0306,UMCH-SRC-P0306,"La funzione di Green ritardata Gμα′​(x,x′) soddisfa l'equazione differenziale:",,,unclassified,CONJECTURE,,UMCH-EQ-0193,,NOT_CHECKED,NONE_ASSIGNED,UNREVIEWED,,,Pending atomicity and scientific review.
UMCH-CLM-0307,UMCH-SRC-P0307,"(δμν​□−Rμ​ν)Gνα′​(x,x′)=−gμα′​(x)−g​δ4(x−x′)​",,,unclassified,CONJECTURE,,UMCH-EQ-0194,,NOT_CHECKED,NONE_ASSIGNED,UNREVIEWED,,,Pending atomicity and scientific review.
UMCH-CLM-0308,UMCH-SRC-P0308,"Secondo la teoria di Hadamard, Gμα′​(x,x′) si scompone in un contributo diretto sul cono di luce e un contributo interno (tail):",,,unclassified,CONJECTURE,,UMCH-EQ-0195,,NOT_CHECKED,NONE_ASSIGNED,UNREVIEWED,,,Pending atomicity and scientific review.
UMCH-CLM-0309,UMCH-SRC-P0309,"Gμα′​(x,x′)=uμα′​(x,x′)δ(Ω)+vμα′​(x,x′)Θ(−Ω)",,,unclassified,CONJECTURE,,UMCH-EQ-0196,,NOT_CHECKED,NONE_ASSIGNED,UNREVIEWED,,,Pending atomicity and scientific review.
UMCH-CLM-0310,UMCH-SRC-P0310,"dove Ω(x,x′) è la metà della distanza geodetica al quadrato tra x e x′ (funzione biscalare di Synge), δ(Ω) assicura la propagazione alla velocità della luce, e Θ(−Ω) è la funzione scalino di Heaviside attiva all'interno del cono di luce passato.",,,unclassified,CONJECTURE,,,,NOT_CHECKED,NONE_ASSIGNED,UNREVIEWED,,,Pending atomicity and scientific review.
UMCH-CLM-0311,UMCH-SRC-P0311,C.2 Integrazione del Termine di Coda lungo la Linea d'Universo,,,cosmology,CONCLUSION,,,,NOT_CHECKED,NONE_ASSIGNED,UNREVIEWED,,,Pending atomicity and scientific review.
UMCH-CLM-0312,UMCH-SRC-P0312,Il quadri-potenziale generato dalla carica q è:,,,unclassified,CONJECTURE,,,,NOT_CHECKED,NONE_ASSIGNED,UNREVIEWED,,,Pending atomicity and scientific review.
UMCH-CLM-0313,UMCH-SRC-P0313,"Aμ​(x)=q∫−∞τret​​Gμα′​(x,x′(τ′))Uα′(τ′)dτ′",,,unclassified,CONJECTURE,,UMCH-EQ-0197,,NOT_CHECKED,NONE_ASSIGNED,UNREVIEWED,,,Pending atomicity and scientific review.
UMCH-CLM-0314,UMCH-SRC-P0314,"Calcolando il tensore di campo elettromagnetico Fμν​=∇μ​Aν​−∇ν​Aμ​ e valutandolo sulla linea d'universo della particella x(τ), l'auto-forza risultante si separa in tre contributi distinti:",,,cosmology,CONJECTURE,,UMCH-EQ-0198,,NOT_CHECKED,NONE_ASSIGNED,UNREVIEWED,,,Pending atomicity and scientific review.
UMCH-CLM-0315,UMCH-SRC-P0315,Fselfμ​=Frinormalizzataμ​+FALDμ​+Fcodaμ​,,,unclassified,CONJECTURE,,UMCH-EQ-0199,,NOT_CHECKED,NONE_ASSIGNED,UNREVIEWED,,,Pending atomicity and scientific review.
UMCH-CLM-0316,UMCH-SRC-P0316,dove il termine di coda Fcodaμ​ prende la forma integrale esplicita:,,,unclassified,CONJECTURE,,UMCH-EQ-0200,,NOT_CHECKED,NONE_ASSIGNED,UNREVIEWED,,,Pending atomicity and scientific review.
UMCH-CLM-0317,UMCH-SRC-P0317,"Fcodaμ​(τ)=q2Uν​(τ)∫−∞τ−ϵ​∇[μGα′ν]​(x(τ),x′(τ′))Uα′(τ′)dτ′",,,unclassified,CONJECTURE,,UMCH-EQ-0201,,NOT_CHECKED,NONE_ASSIGNED,UNREVIEWED,,,Pending atomicity and scientific review.
UMCH-CLM-0318,UMCH-SRC-P0318,C.3 Struttura dell'Equazione Regolarizzata con Curvatura Minima,,,geometry,CONCLUSION,,,,NOT_CHECKED,NONE_ASSIGNED,UNREVIEWED,,,Pending atomicity and scientific review.
UMCH-CLM-0319,UMCH-SRC-P0319,Sostituendo il risultato dell'Appendice B per la componente locale FALDμ​ con κ(τ)=κ0​:,,,geometry,CONJECTURE,,UMCH-EQ-0202,,NOT_CHECKED,NONE_ASSIGNED,UNREVIEWED,,,Pending atomicity and scientific review.
UMCH-CLM-0320,UMCH-SRC-P0320,"m0​Aμ(τ)=qFestμν​Uν​+32​c3q2​m0​(c3κ0​τ1​(τ)Bμ(τ))+q2Uν​(τ)∫−∞τ​∇[μGα′ν]​(x(τ),x′(τ′))Uα′(τ′)dτ′■",,,geometry,CONJECTURE,,UMCH-EQ-0203,,NOT_CHECKED,NONE_ASSIGNED,UNREVIEWED,,,Pending atomicity and scientific review.
UMCH-CLM-0321,UMCH-SRC-P0321,Appendice D: Formalismo Quantistico BCJ e Dimostrazione di Mn​∝[An​]2,,,quantum-fields,CONCLUSION,,,,NOT_CHECKED,NONE_ASSIGNED,UNREVIEWED,,,Pending atomicity and scientific review.
UMCH-CLM-0322,UMCH-SRC-P0322,D.1 Identità di Jacobi Cinematiche,,,unclassified,CONCLUSION,,,,NOT_CHECKED,NONE_ASSIGNED,UNREVIEWED,,,Pending atomicity and scientific review.
UMCH-CLM-0323,UMCH-SRC-P0323,Consideriamo un'ampiezza di scattering a n-punti al livello albero in una teoria di gauge di Yang-Mills con gruppo di simmetria SU(N). L'ampiezza si scrive come somma sui grafici a triplo vertice i:,,,unclassified,CONJECTURE,,,,NOT_CHECKED,NONE_ASSIGNED,UNREVIEWED,,,Pending atomicity and scientific review.
UMCH-CLM-0324,UMCH-SRC-P0324,Angauge​=gn−2i∈diagrammi∑​Di​ci​ni​​,,,unclassified,CONJECTURE,,UMCH-EQ-0204,,NOT_CHECKED,NONE_ASSIGNED,UNREVIEWED,,,Pending atomicity and scientific review.
UMCH-CLM-0325,UMCH-SRC-P0325,"I fattori di colore ci​ soddisfano le identità di Jacobi algebriche per ogni tripletto di canali (s,t,u):",,,unclassified,CONJECTURE,,,,NOT_CHECKED,NONE_ASSIGNED,UNREVIEWED,,,Pending atomicity and scientific review.
UMCH-CLM-0326,UMCH-SRC-P0326,cs​+ct​+cu​=0,,,unclassified,CONJECTURE,,UMCH-EQ-0205,,NOT_CHECKED,NONE_ASSIGNED,UNREVIEWED,,,Pending atomicity and scientific review.
UMCH-CLM-0327,UMCH-SRC-P0327,La dualità di Bern-Carrasco-Johansson (BCJ) asserisce che è sempre possibile organizzare i numeratori cinematici ni​ in modo tale che essi soddisfino identità strutturalmente identiche a quelle del colore:,,,unclassified,CONJECTURE,,,,NOT_CHECKED,NONE_ASSIGNED,UNREVIEWED,,,Pending atomicity and scientific review.
UMCH-CLM-0328,UMCH-SRC-P0328,ns​+nt​+nu​=0,,,unclassified,CONJECTURE,,UMCH-EQ-0206,,NOT_CHECKED,NONE_ASSIGNED,UNREVIEWED,,,Pending atomicity and scientific review.
UMCH-CLM-0329,UMCH-SRC-P0329,D.2 Costruzione della Doppia Copia Gravitazionale,,,gravitation,CONCLUSION,,,,NOT_CHECKED,NONE_ASSIGNED,UNREVIEWED,,,Pending atomicity and scientific review.
UMCH-CLM-0330,UMCH-SRC-P0330,"Sostituendo nella formula dell'ampiezza di gauge ciascun fattore di colore ci​ con il corrispondente numeratore cinematico ni​ (ci​→ni​), e sostituendo la costante di accoppiamento di gauge g→2κgrav​​=8πG​:",,,geometry,CONJECTURE,,UMCH-EQ-0207,,NOT_CHECKED,NONE_ASSIGNED,UNREVIEWED,,,Pending atomicity and scientific review.
UMCH-CLM-0331,UMCH-SRC-P0331,Mngrav​=(2κgrav​​)n−2i∑​Di​ni​ni​​=(2κgrav​​)n−2i∑​Di​ni2​​,,,geometry,CONJECTURE,,UMCH-EQ-0208,,NOT_CHECKED,NONE_ASSIGNED,UNREVIEWED,,,Pending atomicity and scientific review.
UMCH-CLM-0332,UMCH-SRC-P0332,D.3 Dipendenza dai Numeratori di Curvatura Minima κ0​,,,geometry,CONCLUSION,,,,NOT_CHECKED,NONE_ASSIGNED,UNREVIEWED,,,Pending atomicity and scientific review.
UMCH-CLM-0333,UMCH-SRC-P0333,I numeratori cinematici ni​ per la sorgente carica dipendono dalle contrazioni dei vettori di polarizzazione ϵμ​ con il quadri-momento emesso kμ​ e la quadri-accelerazione della sorgente Aμ=c2κ0​Nμ.,,,geometry,CONJECTURE,,UMCH-EQ-0209,,NOT_CHECKED,NONE_ASSIGNED,UNREVIEWED,,,Pending atomicity and scientific review.
UMCH-CLM-0334,UMCH-SRC-P0334,Per un vertice d'emissione singolo di un quanto da una linea d'universo a curvatura κ0​:,,,cosmology,CONJECTURE,,UMCH-EQ-0210,,NOT_CHECKED,NONE_ASSIGNED,UNREVIEWED,,,Pending atomicity and scientific review.
UMCH-CLM-0335,UMCH-SRC-P0335,ni​∝ϵμ​Aμ=c2κ0​(ϵμ​Nμ),,,geometry,CONJECTURE,,UMCH-EQ-0211,,NOT_CHECKED,NONE_ASSIGNED,UNREVIEWED,,,Pending atomicity and scientific review.
UMCH-CLM-0336,UMCH-SRC-P0336,"Poiché κ0​>0, il numeratore cinematico ni​ è garantito essere strettamente non nullo per tutte le polarizzazioni fisiche non trasversali alla normale Nμ.",,,geometry,CONJECTURE,,UMCH-EQ-0212,,NOT_CHECKED,NONE_ASSIGNED,UNREVIEWED,,,Pending atomicity and scientific review.
UMCH-CLM-0337,UMCH-SRC-P0337,Espandendo sia Angauge​ che Mngrav​ sullo stesso insieme di propagatori quadratici Di​:,,,unclassified,CONJECTURE,,,,NOT_CHECKED,NONE_ASSIGNED,UNREVIEWED,,,Pending atomicity and scientific review.
UMCH-CLM-0338,UMCH-SRC-P0338,Angauge​Mngrav​​=gn−2∑i​Di​ci​ni​​(2κgrav​​)n−2∑i​Di​ni2​​​,,,geometry,CONJECTURE,,UMCH-EQ-0213,,NOT_CHECKED,NONE_ASSIGNED,UNREVIEWED,,,Pending atomicity and scientific review.
UMCH-CLM-0339,UMCH-SRC-P0339,"In un regime in cui la cinematica è dominata dalla curvatura minima κ0​, fattorizzando ni​:",,,geometry,CONJECTURE,,UMCH-EQ-0214,,NOT_CHECKED,NONE_ASSIGNED,UNREVIEWED,,,Pending atomicity and scientific review.
UMCH-CLM-0340,UMCH-SRC-P0340,Mngrav​=Ckin​⋅[Angauge​]2■,,,unclassified,CONJECTURE,,UMCH-EQ-0215,,NOT_CHECKED,NONE_ASSIGNED,UNREVIEWED,,,Pending atomicity and scientific review.
UMCH-CLM-0341,UMCH-SRC-P0341,"Appendice E: Integrali di Airy, Stati Coerenti di Glauber e Tasso di Decoerenza",,,unclassified,CONCLUSION,,,,NOT_CHECKED,NONE_ASSIGNED,UNREVIEWED,,,Pending atomicity and scientific review.
UMCH-CLM-0342,UMCH-SRC-P0342,E.1 Sviluppo di Taylor della Traiettoria nel Tetrade di Frenet-Serret,,,geometry,CONCLUSION,,,,NOT_CHECKED,NONE_ASSIGNED,UNREVIEWED,,,Pending atomicity and scientific review.
UMCH-CLM-0343,UMCH-SRC-P0343,Consideriamo un'emissione centrata all'istante τ=0. Sviluppiamo la posizione xμ(τ) attorno a x0μ​=xμ(0) mediante la serie di Taylor usando le relazioni di Frenet-Serret:,,,geometry,CONJECTURE,,UMCH-EQ-0216,,NOT_CHECKED,NONE_ASSIGNED,UNREVIEWED,,,Pending atomicity and scientific review.
UMCH-CLM-0344,UMCH-SRC-P0344,xμ(τ)=x0μ​+dτdxμ​​0​τ+21​dτDUμ​​0​τ2+61​dτ2D2Uμ​​0​τ3+O(τ4),,,unclassified,CONJECTURE,,UMCH-EQ-0217,,NOT_CHECKED,NONE_ASSIGNED,UNREVIEWED,,,Pending atomicity and scientific review.
UMCH-CLM-0345,UMCH-SRC-P0345,Calcoliamo le derivate:,,,unclassified,CONJECTURE,,,,NOT_CHECKED,NONE_ASSIGNED,UNREVIEWED,,,Pending atomicity and scientific review.
UMCH-CLM-0346,UMCH-SRC-P0346,dτdxμ​=U0μ​,,,unclassified,CONJECTURE,,UMCH-EQ-0218,,NOT_CHECKED,NONE_ASSIGNED,UNREVIEWED,,,Pending atomicity and scientific review.
UMCH-CLM-0347,UMCH-SRC-P0347,dτDUμ​=c2κ0​N0μ​,,,geometry,CONJECTURE,,UMCH-EQ-0219,,NOT_CHECKED,NONE_ASSIGNED,UNREVIEWED,,,Pending atomicity and scientific review.
UMCH-CLM-0348,UMCH-SRC-P0348,dτ2D2Uμ​=dτD​(c2κ0​Nμ)=c2κ0​(κ0​U0μ​+cτ1​B0μ​)=c2κ02​U0μ​+c3κ0​τ1​B0μ​,,,geometry,CONJECTURE,,UMCH-EQ-0220,,NOT_CHECKED,NONE_ASSIGNED,UNREVIEWED,,,Pending atomicity and scientific review.
UMCH-CLM-0349,UMCH-SRC-P0349,Sostituendo nello sviluppo di Taylor:,,,unclassified,CONJECTURE,,,,NOT_CHECKED,NONE_ASSIGNED,UNREVIEWED,,,Pending atomicity and scientific review.
UMCH-CLM-0350,UMCH-SRC-P0350,xμ(τ)=x0μ​+U0μ​(τ+61​c2κ02​τ3)+21​c2κ0​N0μ​τ2+61​c3κ0​τ1​B0μ​τ3,,,geometry,CONJECTURE,,UMCH-EQ-0221,,NOT_CHECKED,NONE_ASSIGNED,UNREVIEWED,,,Pending atomicity and scientific review.
UMCH-CLM-0351,UMCH-SRC-P0351,E.2 Calcolo dell'Ampiezza di Coerenza mediante Integrali di Airy,,,unclassified,CONCLUSION,,,,NOT_CHECKED,NONE_ASSIGNED,UNREVIEWED,,,Pending atomicity and scientific review.
UMCH-CLM-0352,UMCH-SRC-P0352,"L'ampiezza dello stato coerente per un fotone con quadri-impulso kμ=(ωk​/c,k) è:",,,unclassified,CONJECTURE,,UMCH-EQ-0222,,NOT_CHECKED,NONE_ASSIGNED,UNREVIEWED,,,Pending atomicity and scientific review.
UMCH-CLM-0353,UMCH-SRC-P0353,"α(k,λ)=ℏ2ωk​ϵ0​​iq​ϵμ(λ)∗​∫−∞∞​dτUμ(τ)eik⋅x(τ)",,,unclassified,CONJECTURE,,UMCH-EQ-0223,,NOT_CHECKED,NONE_ASSIGNED,UNREVIEWED,,,Pending atomicity and scientific review.
UMCH-CLM-0354,UMCH-SRC-P0354,Sviluppiamo il prodotto scalare k⋅x(τ) nella fase:,,,unclassified,CONJECTURE,,UMCH-EQ-0224,,NOT_CHECKED,NONE_ASSIGNED,UNREVIEWED,,,Pending atomicity and scientific review.
UMCH-CLM-0355,UMCH-SRC-P0355,k⋅x(τ)=k⋅x0​+(k⋅U0​)τ+21​c2κ0​(k⋅N0​)τ2+61​c3κ0​τ1​(k⋅B0​)τ3,,,geometry,CONJECTURE,,UMCH-EQ-0225,,NOT_CHECKED,NONE_ASSIGNED,UNREVIEWED,,,Pending atomicity and scientific review.
UMCH-CLM-0356,UMCH-SRC-P0356,"Effettuando il cambio di variabile per eliminare il termine quadratico τ2 definendo s=τ+cτ1​(B0​⋅k)N0​⋅k​, la fase assume la forma canonica i(ξs+ηs3). L'integrale si riconduce alla forma standard della funzione di Airy:",,,unclassified,ASSUMPTION,,UMCH-EQ-0226,,NOT_CHECKED,NONE_ASSIGNED,UNREVIEWED,,,Pending atomicity and scientific review.
UMCH-CLM-0357,UMCH-SRC-P0357,∫−∞∞​dsei(ξs+ηs3)=(3η)1/32π​Ai((3η)1/3ξ​),,,unclassified,CONJECTURE,,UMCH-EQ-0227,,NOT_CHECKED,NONE_ASSIGNED,UNREVIEWED,,,Pending atomicity and scientific review.
UMCH-CLM-0358,UMCH-SRC-P0358,dove le variabili adimensionali sono:,,,unclassified,CONJECTURE,,,,NOT_CHECKED,NONE_ASSIGNED,UNREVIEWED,,,Pending atomicity and scientific review.
UMCH-CLM-0359,UMCH-SRC-P0359,η=61​c3κ0​τ1​(k⋅B0​),,,geometry,CONJECTURE,,UMCH-EQ-0228,,NOT_CHECKED,NONE_ASSIGNED,UNREVIEWED,,,Pending atomicity and scientific review.
UMCH-CLM-0360,UMCH-SRC-P0360,ξ=(k⋅U0​)−2τ1​(k⋅B0​)cκ0​(k⋅N0​)2​,,,geometry,CONJECTURE,,UMCH-EQ-0229,,NOT_CHECKED,NONE_ASSIGNED,UNREVIEWED,,,Pending atomicity and scientific review.
UMCH-CLM-0361,UMCH-SRC-P0361,E.3 Quantizzazione del Momento Angolare Orbitale (OAM),,,quantum-fields,CONCLUSION,,,,NOT_CHECKED,NONE_ASSIGNED,UNREVIEWED,,,Pending atomicity and scientific review.
UMCH-CLM-0362,UMCH-SRC-P0362,"Proiettando lo stato su una base di armoniche sferiche Yℓm​(θ,ϕ) lungo l'asse z allineato con la torsione B0μ​, l'integrazione angolare sulla fase dell'integrale di Airy genera un fattore topologico eiℓϕk​.",,,unclassified,CONJECTURE,,UMCH-EQ-0230,,NOT_CHECKED,NONE_ASSIGNED,UNREVIEWED,,,Pending atomicity and scientific review.
UMCH-CLM-0363,UMCH-SRC-P0363,"L'operatore momento angolare orbitale lungo l'asse di propagazione Lz​=−iℏ∂ϕ∂​ agisce sull'ampiezza α(k,λ):",,,unclassified,CONJECTURE,,UMCH-EQ-0231,,NOT_CHECKED,NONE_ASSIGNED,UNREVIEWED,,,Pending atomicity and scientific review.
UMCH-CLM-0364,UMCH-SRC-P0364,"Lz​α(k,λ)=ℏℓα(k,λ)",,,unclassified,CONJECTURE,,UMCH-EQ-0232,,NOT_CHECKED,NONE_ASSIGNED,UNREVIEWED,,,Pending atomicity and scientific review.
UMCH-CLM-0365,UMCH-SRC-P0365,con il numero quantico azimutale intero ℓ determinato dalla torsione geodetica:,,,quantum-fields,CONJECTURE,,,,NOT_CHECKED,NONE_ASSIGNED,UNREVIEWED,,,Pending atomicity and scientific review.
UMCH-CLM-0366,UMCH-SRC-P0366,ℓ=⌊τ1​R⌋=⌊κ0​τ1​​⌋■,,,geometry,CONJECTURE,,UMCH-EQ-0233,,NOT_CHECKED,NONE_ASSIGNED,UNREVIEWED,,,Pending atomicity and scientific review.
UMCH-CLM-0367,UMCH-SRC-P0367,Appendice F: Derivazione Esatta del Rapporto di Potenza Irradiata R=PEM​/Pgrav​,,,unclassified,CONCLUSION,,,,NOT_CHECKED,NONE_ASSIGNED,UNREVIEWED,,,Pending atomicity and scientific review.
UMCH-CLM-0368,UMCH-SRC-P0368,F.1 Potenza Elettromagnetica Irradiata (Larmor Relativistica),,,unclassified,CONCLUSION,,,,NOT_CHECKED,NONE_ASSIGNED,UNREVIEWED,,,Pending atomicity and scientific review.
UMCH-CLM-0369,UMCH-SRC-P0369,La potenza elettromagnetica totale PEM​ emessa da una carica puntiforme q si ottiene dall'integrazione del flusso del tensore di Poynting sulla sfera all'infinito:,,,unclassified,CONJECTURE,,,,NOT_CHECKED,NONE_ASSIGNED,UNREVIEWED,,,Pending atomicity and scientific review.
UMCH-CLM-0370,UMCH-SRC-P0370,PEM​=−6πϵ0​c3q2​(dτDUμ​dτDUμ​​),,,unclassified,CONJECTURE,,UMCH-EQ-0234,,NOT_CHECKED,NONE_ASSIGNED,UNREVIEWED,,,Pending atomicity and scientific review.
UMCH-CLM-0371,UMCH-SRC-P0371,Sostituendo la norma della quadri-accelerazione dτDUμ​dτDUμ​​=c4κ02​:,,,geometry,CONJECTURE,,UMCH-EQ-0235,,NOT_CHECKED,NONE_ASSIGNED,UNREVIEWED,,,Pending atomicity and scientific review.
UMCH-CLM-0372,UMCH-SRC-P0372,PEM​=6πϵ0​q2cκ02​​,,,geometry,CONJECTURE,,UMCH-EQ-0236,,NOT_CHECKED,NONE_ASSIGNED,UNREVIEWED,,,Pending atomicity and scientific review.
UMCH-CLM-0373,UMCH-SRC-P0373,F.2 Potenza Gravitazionale Irradiata (Quadrupolo Relativistico),,,gravitation,CONCLUSION,,,,NOT_CHECKED,NONE_ASSIGNED,UNREVIEWED,,,Pending atomicity and scientific review.
UMCH-CLM-0374,UMCH-SRC-P0374,"Nel regime di linearized gravity, la potenza irraggiata in onde gravitazionali da una massa m0​ con momento quadrupolare Qij​ è data dalla formula di quadrupolo di Einstein:",,,gravitation,CONJECTURE,,,,NOT_CHECKED,NONE_ASSIGNED,UNREVIEWED,,,Pending atomicity and scientific review.
UMCH-CLM-0375,UMCH-SRC-P0375,Pgrav​=5c5G​⟨Q...​​ij​Q...​​ij⟩,,,unclassified,CONJECTURE,,UMCH-EQ-0237,,NOT_CHECKED,NONE_ASSIGNED,UNREVIEWED,,,Pending atomicity and scientific review.
UMCH-CLM-0376,UMCH-SRC-P0376,"Per una particella di massa m0​ mossa da una quadri-accelerazione di norma c2κ0​ a velocità v=βc, il momento quadrupolare traceless è Qij​=m0​(xi​xj​−31​r2δij​).",,,geometry,CONJECTURE,,UMCH-EQ-0238,,NOT_CHECKED,NONE_ASSIGNED,UNREVIEWED,,,Pending atomicity and scientific review.
UMCH-CLM-0377,UMCH-SRC-P0377,La terza derivata temporale del quadrupolo si lega direttamente alla derivata dell'accelerazione e quindi a κ0​:,,,geometry,CONJECTURE,,UMCH-EQ-0239,,NOT_CHECKED,NONE_ASSIGNED,UNREVIEWED,,,Pending atomicity and scientific review.
UMCH-CLM-0378,UMCH-SRC-P0378,Q...​​ij​Q...​​ij=2m02​c10κ02​β2,,,geometry,CONJECTURE,,UMCH-EQ-0240,,NOT_CHECKED,NONE_ASSIGNED,UNREVIEWED,,,Pending atomicity and scientific review.
UMCH-CLM-0379,UMCH-SRC-P0379,Sostituendo nella formula di Einstein:,,,gravitation,CONJECTURE,,,,NOT_CHECKED,NONE_ASSIGNED,UNREVIEWED,,,Pending atomicity and scientific review.
UMCH-CLM-0380,UMCH-SRC-P0380,Pgrav​=5c5G​(2m02​c10κ02​β2)=52Gm02​c5κ02​β2​,,,geometry,CONJECTURE,,UMCH-EQ-0241,,NOT_CHECKED,NONE_ASSIGNED,UNREVIEWED,,,Pending atomicity and scientific review.
UMCH-CLM-0381,UMCH-SRC-P0381,F.3 Calcolo del Rapporto Invariante R,,,unclassified,CONCLUSION,,,,NOT_CHECKED,NONE_ASSIGNED,UNREVIEWED,,,Pending atomicity and scientific review.
UMCH-CLM-0382,UMCH-SRC-P0382,Calcoliamo il rapporto esplicito tra le due potenze:,,,unclassified,CONJECTURE,,,,NOT_CHECKED,NONE_ASSIGNED,UNREVIEWED,,,Pending atomicity and scientific review.
UMCH-CLM-0383,UMCH-SRC-P0383,R=Pgrav​PEM​​=52Gm02​c5κ02​β2​6πϵ0​q2cκ02​​​,,,geometry,CONJECTURE,,UMCH-EQ-0242,,NOT_CHECKED,NONE_ASSIGNED,UNREVIEWED,,,Pending atomicity and scientific review.
UMCH-CLM-0384,UMCH-SRC-P0384,Semplificando la curvatura minima κ02​ da entrambi i termini (numeratore e denominatore):,,,geometry,CONJECTURE,,UMCH-EQ-0243,,NOT_CHECKED,NONE_ASSIGNED,UNREVIEWED,,,Pending atomicity and scientific review.
UMCH-CLM-0385,UMCH-SRC-P0385,R=6πϵ0​q2c​⋅2Gm02​c5β25​=12πϵ0​Gβ2c45​(m0​q​)2,,,unclassified,CONJECTURE,,UMCH-EQ-0244,,NOT_CHECKED,NONE_ASSIGNED,UNREVIEWED,,,Pending atomicity and scientific review.
UMCH-CLM-0386,UMCH-SRC-P0386,Riscriviamo il rapporto espresso in funzione delle forze statiche fondamentali di Coulomb FE​=4πϵ0​r2q2​ e di Newton FG​=r2Gm02​​:,,,unclassified,CONJECTURE,,UMCH-EQ-0245,,NOT_CHECKED,NONE_ASSIGNED,UNREVIEWED,,,Pending atomicity and scientific review.
UMCH-CLM-0387,UMCH-SRC-P0387,FG​FE​​=4πϵ0​Gm02​q2​,,,unclassified,CONJECTURE,,UMCH-EQ-0246,,NOT_CHECKED,NONE_ASSIGNED,UNREVIEWED,,,Pending atomicity and scientific review.
UMCH-CLM-0388,UMCH-SRC-P0388,Sostituiamo (m0​q​)2=4πϵ0​G(FG​FE​​) nella formula di R:,,,unclassified,CONJECTURE,,UMCH-EQ-0247,,NOT_CHECKED,NONE_ASSIGNED,UNREVIEWED,,,Pending atomicity and scientific review.
UMCH-CLM-0389,UMCH-SRC-P0389,R=12πϵ0​Gβ2c45​(4πϵ0​GFG​FE​​)=3β2c45​(FG​FE​​)■,,,unclassified,CONJECTURE,,UMCH-EQ-0248,,NOT_CHECKED,NONE_ASSIGNED,UNREVIEWED,,,Pending atomicity and scientific review.
UMCH-CLM-0390,UMCH-SRC-P0390,User prompt: Analizza le implicazioni del rapporto R per oggetti compatti ad alto campo magnetico come pulsar e magnetar.,,,unclassified,CONJECTURE,,,,NOT_CHECKED,NONE_ASSIGNED,UNREVIEWED,,,Pending atomicity and scientific review.
UMCH-CLM-0391,UMCH-SRC-P0391,Response: Implicazioni del Rapporto R nell'Emissione di Onde Gravitazionali ed Elettromagnetiche da Oggetti Compatti Magnetizzati (Pulsar e Magnetar),,,gravitation,CONCLUSION,,,,NOT_CHECKED,NONE_ASSIGNED,UNREVIEWED,,,Pending atomicity and scientific review.
UMCH-CLM-0392,UMCH-SRC-P0392,1. Modellizzazione dell'Accoppiamento Magneto-Cinematico,,,unclassified,CONCLUSION,,,,NOT_CHECKED,NONE_ASSIGNED,UNREVIEWED,,,Pending atomicity and scientific review.
UMCH-CLM-0393,UMCH-SRC-P0393,L'applicazione del rapporto d'emissione strutturale R=Pgrav​PEM​​ a oggetti compatti — quali pulsar millisecondo e magnetar — richiede la caratterizzazione del parametro di curvatura cinematica κ0​ lungo le linee di campo magnetico della stella di neutroni.,,,geometry,CONJECTURE,,UMCH-EQ-0249,,NOT_CHECKED,NONE_ASSIGNED,UNREVIEWED,,,Pending atomicity and scientific review.
UMCH-CLM-0394,UMCH-SRC-P0394,"Per un oggetto compatto di massa M≈1.4M⊙​ e raggio RN​≈12 km, con un campo magnetico dipolare di superficie B0​, la carica reattiva indotta nel magnetosfera e le particelle cariche caricate lungo il cap polare subiscono un'accelerazione sincretronica e di curvatura caratterizzata da:",,,geometry,CONJECTURE,,UMCH-EQ-0250,,NOT_CHECKED,NONE_ASSIGNED,UNREVIEWED,,,Pending atomicity and scientific review.
UMCH-CLM-0395,UMCH-SRC-P0395,κ0​≈ρcurv​1​=4r3sinθ​1+cos2θ​,,,geometry,CONJECTURE,,UMCH-EQ-0251,,NOT_CHECKED,NONE_ASSIGNED,UNREVIEWED,,,Pending atomicity and scientific review.
UMCH-CLM-0396,UMCH-SRC-P0396,dove ρcurv​ è il raggio di curvatura delle linee di campo e θ è l'angolo di colatitudine magnetica.,,,geometry,CONJECTURE,,,,NOT_CHECKED,NONE_ASSIGNED,UNREVIEWED,,,Pending atomicity and scientific review.
UMCH-CLM-0397,UMCH-SRC-P0397,1.1 Invarianza del Rapporto R nel Regime Relativistico Magnetosferico,,,unclassified,CONCLUSION,,,,NOT_CHECKED,NONE_ASSIGNED,UNREVIEWED,,,Pending atomicity and scientific review.
UMCH-CLM-0398,UMCH-SRC-P0398,"Per particelle relativistiche ultra-veloci (γ≫1, β→1) accelerate lungo la curvatura delle linee di campo nell'atmosfera della magnetar o al light cylinder rLC​=Ωc​:",,,geometry,CONJECTURE,,UMCH-EQ-0252,,NOT_CHECKED,NONE_ASSIGNED,UNREVIEWED,,,Pending atomicity and scientific review.
UMCH-CLM-0399,UMCH-SRC-P0399,R=12πϵ0​Gc45​(m0​q​)2,,,unclassified,CONJECTURE,,UMCH-EQ-0253,,NOT_CHECKED,NONE_ASSIGNED,UNREVIEWED,,,Pending atomicity and scientific review.
UMCH-CLM-0400,UMCH-SRC-P0400,"Per una plasma di elettroni/positroni (q=e, m0​=me​), il valore teorico fondante di R risulta:",,,unclassified,CONJECTURE,,UMCH-EQ-0254,,NOT_CHECKED,NONE_ASSIGNED,UNREVIEWED,,,Pending atomicity and scientific review.
UMCH-CLM-0401,UMCH-SRC-P0401,R(e±)​=12πϵ0​Gc45​(me​e​)2≈4.17×1042,,,unclassified,CONJECTURE,,UMCH-EQ-0255,,NOT_CHECKED,NONE_ASSIGNED,UNREVIEWED,,,Pending atomicity and scientific review.
UMCH-CLM-0402,UMCH-SRC-P0402,"Questo valore dimostra analiticamente che, a livello microscopico (particella singola), la radiazione elettromagnetica domina in modo schiacciante sulla radiazione di onde gravitazionali.",,,gravitation,CONJECTURE,,,,NOT_CHECKED,NONE_ASSIGNED,UNREVIEWED,,,Pending atomicity and scientific review.
UMCH-CLM-0403,UMCH-SRC-P0403,2. Condizione di Conversione e Limite Coerente di Collettività,,,unclassified,CONCLUSION,,,,NOT_CHECKED,NONE_ASSIGNED,UNREVIEWED,,,Pending atomicity and scientific review.
UMCH-CLM-0404,UMCH-SRC-P0404,"Mentre l'emissione di particella singola è dominata da R≫1, l'emissione gravitazionale complessiva dell'oggetto compatto diviene rilevante grazie a effetti macroscopici coerenti legati alla deformazione quadrupolare della stella di neutroni indotta dal campo magnetico (B0​∼1014−1015 G per le magnetar).",,,gravitation,CONJECTURE,,,,NOT_CHECKED,NONE_ASSIGNED,UNREVIEWED,,,Pending atomicity and scientific review.
UMCH-CLM-0405,UMCH-SRC-P0405,2.1 Ellitticità Indotta dal Campo Magnetico Intra-Stellare,,,unclassified,CONCLUSION,,,,NOT_CHECKED,NONE_ASSIGNED,UNREVIEWED,,,Pending atomicity and scientific review.
UMCH-CLM-0406,UMCH-SRC-P0406,Il campo magnetico interno Bint​ induce una deformazione quadrupolare (ellitticità ϵ) dovuta alla pressione magnetica:,,,unclassified,CONJECTURE,,,,NOT_CHECKED,NONE_ASSIGNED,UNREVIEWED,,,Pending atomicity and scientific review.
UMCH-CLM-0407,UMCH-SRC-P0407,ϵ≈I0​ΔI​∼GM2RN4​Bint2​​≈10−6(1015 GBint​​)2,,,unclassified,CONJECTURE,,UMCH-EQ-0256,,NOT_CHECKED,NONE_ASSIGNED,UNREVIEWED,,,Pending atomicity and scientific review.
UMCH-CLM-0408,UMCH-SRC-P0408,"In questo regime, la potenza elettromagnetica di dipolo magnetico frenante (Pdip​) e la potenza gravitazionale quadrupolare (PGW​) della stella rotante con frequenza angolare Ω=2πf sono espressi da:",,,gravitation,CONJECTURE,,UMCH-EQ-0257,,NOT_CHECKED,NONE_ASSIGNED,UNREVIEWED,,,Pending atomicity and scientific review.
UMCH-CLM-0409,UMCH-SRC-P0409,"PEM, dip​=3μ0​c32​B02​RN6​Ω4sin2α",,,unclassified,CONJECTURE,,UMCH-EQ-0258,,NOT_CHECKED,NONE_ASSIGNED,UNREVIEWED,,,Pending atomicity and scientific review.
UMCH-CLM-0410,UMCH-SRC-P0410,PGW​=5c532G​I02​ϵ2Ω6,,,unclassified,CONJECTURE,,UMCH-EQ-0259,,NOT_CHECKED,NONE_ASSIGNED,UNREVIEWED,,,Pending atomicity and scientific review.
UMCH-CLM-0411,UMCH-SRC-P0411,Il rapporto macroscopico Rmac​ dell'oggetto compatto diventa:,,,unclassified,CONJECTURE,,,,NOT_CHECKED,NONE_ASSIGNED,UNREVIEWED,,,Pending atomicity and scientific review.
UMCH-CLM-0412,UMCH-SRC-P0412,"Rmac​=PGW​PEM, dip​​=48πϵ0​GI02​ϵ2Ω25c2B02​RN6​sin2α​",,,unclassified,CONJECTURE,,UMCH-EQ-0260,,NOT_CHECKED,NONE_ASSIGNED,UNREVIEWED,,,Pending atomicity and scientific review.
UMCH-CLM-0413,UMCH-SRC-P0413,Sostituendo l'espressione dell'ellitticità ϵ:,,,unclassified,CONJECTURE,,,,NOT_CHECKED,NONE_ASSIGNED,UNREVIEWED,,,Pending atomicity and scientific review.
UMCH-CLM-0414,UMCH-SRC-P0414,Rmac​∝Ω21​(Bint​B0​​)2(RN2​GM2​)2,,,unclassified,CONJECTURE,,UMCH-EQ-0261,,NOT_CHECKED,NONE_ASSIGNED,UNREVIEWED,,,Pending atomicity and scientific review.
UMCH-CLM-0415,UMCH-SRC-P0415,3. Confronto Tra Regime di Pulsar e Magnetar,,,unclassified,CONCLUSION,,,,NOT_CHECKED,NONE_ASSIGNED,UNREVIEWED,,,Pending atomicity and scientific review.
UMCH-CLM-0416,UMCH-SRC-P0416,4. Implicazioni per la Rilevabilità da Rivelatori di Onde Gravitazionali,,,gravitation,CONCLUSION,,,,NOT_CHECKED,NONE_ASSIGNED,UNREVIEWED,,,Pending atomicity and scientific review.
UMCH-CLM-0417,UMCH-SRC-P0417,Le conseguenze teoriche e osservative del valore di R nel contesto delle magnetar e pulsar includono tre aspetti chiave:,,,unclassified,CONJECTURE,,,,NOT_CHECKED,NONE_ASSIGNED,UNREVIEWED,,,Pending atomicity and scientific review.
UMCH-CLM-0418,UMCH-SRC-P0418,4.1 Limite di Frenamento da Onde Gravitazionali (Spin-Down Limit),,,gravitation,CONCLUSION,,,,NOT_CHECKED,NONE_ASSIGNED,UNREVIEWED,,,Pending atomicity and scientific review.
UMCH-CLM-0419,UMCH-SRC-P0419,"Poiché il tasso di perdita di energia rotazionale è E˙=−I0​ΩΩ˙=PEM​+PGW​, la frazione di energia persa in onde gravitazionali è:",,,gravitation,CONJECTURE,,UMCH-EQ-0262,,NOT_CHECKED,NONE_ASSIGNED,UNREVIEWED,,,Pending atomicity and scientific review.
UMCH-CLM-0420,UMCH-SRC-P0420,ηGW​=Ptot​PGW​​=1+Rmac​1​,,,unclassified,CONJECTURE,,UMCH-EQ-0263,,NOT_CHECKED,NONE_ASSIGNED,UNREVIEWED,,,Pending atomicity and scientific review.
UMCH-CLM-0421,UMCH-SRC-P0421,"Per le magnetar durante i Giant Flares (es. SGR 1806-20), il riassetto strutturale della crosta e la ricombinazione delle linee di campo generano oscillazioni di torsione non-assialsimmetriche (modi f e r-modes). In questa fase transitoria, κ0​ raggiunge valori critici nel plasma circostante, riducendo localmente Rmac​ a valori prossimi all'unità, rendendo i segnali gravitazionali impulsivi potenzialmente misurabili da interferometri quali LIGO, Virgo e KAGRA.",,,gravitation,PREDICTION,,UMCH-EQ-0264,,NOT_CHECKED,NONE_ASSIGNED,UNREVIEWED,,,Pending atomicity and scientific review.
UMCH-CLM-0422,UMCH-SRC-P0422,4.2 Soppressione dei Moti Runaway nella Magnetosfera,,,radiation-reaction,CONCLUSION,,,,NOT_CHECKED,NONE_ASSIGNED,UNREVIEWED,,,Pending atomicity and scientific review.
UMCH-CLM-0423,UMCH-SRC-P0423,"L'applicazione dell'equazione ALD regolarizzata (Appendice B) alle particelle della magnetosfera evita divergenze numeriche nella simulazione del plasma relativistico (Particle-In-Cell, PIC). L'auto-forza di radiazione proiettata lungo la direzione binormale Bμ agisce come un termine di smorzamento naturale che impedisce l'instabilità numerica delle particelle nei punti di inversione magnetica (layer di corrente).",,,unclassified,NUMERICAL_RESULT,,UMCH-EQ-0265,,NOT_CHECKED,NONE_ASSIGNED,UNREVIEWED,,,Pending atomicity and scientific review.
UMCH-CLM-0424,UMCH-SRC-P0424,4.3 Effetto Gertsenshtein Magnetosferico,,,unclassified,CONCLUSION,,,,NOT_CHECKED,NONE_ASSIGNED,UNREVIEWED,,,Pending atomicity and scientific review.
UMCH-CLM-0425,UMCH-SRC-P0425,"Nelle immediate vicinanze della superficie della magnetar, dove il campo magnetico radiale supera il limite quantistico critico BQED​=eℏme2​c3​≈4.41×1013 G, le fotoni gamma prodotti da processi a curvatura κ0​ subiscono una conversione risonante in gravitoni attraverso il tensore d'interazione d'accoppiamento dell'effetto Gertsenshtein:",,,gravitation,CONJECTURE,,UMCH-EQ-0266,,NOT_CHECKED,NONE_ASSIGNED,UNREVIEWED,,,Pending atomicity and scientific review.
UMCH-CLM-0426,UMCH-SRC-P0426,Pγ→g​≈sin2(21​B0​πϵ0​c4G​​Lint​),,,unclassified,CONJECTURE,,UMCH-EQ-0267,,NOT_CHECKED,NONE_ASSIGNED,UNREVIEWED,,,Pending atomicity and scientific review.
UMCH-CLM-0427,UMCH-SRC-P0427,"Questo processo riduce ulteriormente il rapporto osservabile Rosservato​<Rmac​, trasferendo una frazione apprezzabile della potenza emessa nel canale gravitazionale a frequenze GHz/THz.",,,gravitation,CONJECTURE,,,,NOT_CHECKED,NONE_ASSIGNED,UNREVIEWED,,,Pending atomicity and scientific review.
UMCH-CLM-0428,UMCH-SRC-P0428,User prompt: Calcola numericamente la probabilita di conversione Gertsenshtein per la magnetar SGR 1806-20 assumendo un campo B_0 = 10^15 Gauss e una lunghezza d'interazione pari al raggio della stella.,,,unclassified,ASSUMPTION,,UMCH-EQ-0268,,NOT_CHECKED,NONE_ASSIGNED,UNREVIEWED,,,Pending atomicity and scientific review.
UMCH-CLM-0429,UMCH-SRC-P0429,Response: 1. Conversione delle Unità e Costanti Fondamentali,,,unclassified,CONCLUSION,,,,NOT_CHECKED,NONE_ASSIGNED,UNREVIEWED,,,Pending atomicity and scientific review.
UMCH-CLM-0430,UMCH-SRC-P0430,Assumiamo i parametri fisici nel Sistema Internazionale (SI):,,,unclassified,ASSUMPTION,,,,NOT_CHECKED,NONE_ASSIGNED,UNREVIEWED,,,Pending atomicity and scientific review.
UMCH-CLM-0431,UMCH-SRC-P0431,Campo magnetico: B0​=1015 G=1011 T,,,unclassified,CONJECTURE,,UMCH-EQ-0269,,NOT_CHECKED,NONE_ASSIGNED,UNREVIEWED,,,Pending atomicity and scientific review.
UMCH-CLM-0432,UMCH-SRC-P0432,Lunghezza d'interazione (Raggio della magnetar): Lint​=RN​=10 km=104 m (valore standard di riferimento; per 12 km=1.2×104 m),,,unclassified,CONJECTURE,,UMCH-EQ-0270,,NOT_CHECKED,NONE_ASSIGNED,UNREVIEWED,,,Pending atomicity and scientific review.
UMCH-CLM-0433,UMCH-SRC-P0433,Costante di gravitazione universale: G≈6.6743×10−11 m3 kg−1 s−2,,,gravitation,CONJECTURE,,UMCH-EQ-0271,,NOT_CHECKED,NONE_ASSIGNED,UNREVIEWED,,,Pending atomicity and scientific review.
UMCH-CLM-0434,UMCH-SRC-P0434,Permettività del vuoto: ϵ0​≈8.8542×10−12 F m−1,,,unclassified,CONJECTURE,,UMCH-EQ-0272,,NOT_CHECKED,NONE_ASSIGNED,UNREVIEWED,,,Pending atomicity and scientific review.
UMCH-CLM-0435,UMCH-SRC-P0435,Velocità della luce: c≈2.9979×108 m s−1,,,unclassified,CONJECTURE,,UMCH-EQ-0273,,NOT_CHECKED,NONE_ASSIGNED,UNREVIEWED,,,Pending atomicity and scientific review.
UMCH-CLM-0436,UMCH-SRC-P0436,2. Calcolo del Fattore di Accoppiamento Cinematico,,,unclassified,CONCLUSION,,,,NOT_CHECKED,NONE_ASSIGNED,UNREVIEWED,,,Pending atomicity and scientific review.
UMCH-CLM-0437,UMCH-SRC-P0437,La formula per la probabilità di conversione di Gertsenshtein nel vuoto è:,,,unclassified,CONJECTURE,,,,NOT_CHECKED,NONE_ASSIGNED,UNREVIEWED,,,Pending atomicity and scientific review.
UMCH-CLM-0438,UMCH-SRC-P0438,"Pγ→g​=sin2(θ),con θ=21​B0​πϵ0​c4G​​Lint​",,,unclassified,CONJECTURE,,UMCH-EQ-0274,,NOT_CHECKED,NONE_ASSIGNED,UNREVIEWED,,,Pending atomicity and scientific review.
UMCH-CLM-0439,UMCH-SRC-P0439,Calcoliamo prima il termine sotto radice:,,,unclassified,CONJECTURE,,,,NOT_CHECKED,NONE_ASSIGNED,UNREVIEWED,,,Pending atomicity and scientific review.
UMCH-CLM-0440,UMCH-SRC-P0440,πϵ0​c4G​=π×(8.8542×10−12)×(2.9979×108)46.6743×10−11​≈2.974×10−34 T−2 m−2,,,unclassified,CONJECTURE,,UMCH-EQ-0275,,NOT_CHECKED,NONE_ASSIGNED,UNREVIEWED,,,Pending atomicity and scientific review.
UMCH-CLM-0441,UMCH-SRC-P0441,Estraendo la radice quadrata:,,,unclassified,CONJECTURE,,,,NOT_CHECKED,NONE_ASSIGNED,UNREVIEWED,,,Pending atomicity and scientific review.
UMCH-CLM-0442,UMCH-SRC-P0442,πϵ0​c4G​​≈1.724×10−17 T−1 m−1,,,unclassified,CONJECTURE,,UMCH-EQ-0276,,NOT_CHECKED,NONE_ASSIGNED,UNREVIEWED,,,Pending atomicity and scientific review.
UMCH-CLM-0443,UMCH-SRC-P0443,3. Calcolo dell'Angolo di Mixing e della Probabilità,,,unclassified,CONCLUSION,,,,NOT_CHECKED,NONE_ASSIGNED,UNREVIEWED,,,Pending atomicity and scientific review.
UMCH-CLM-0444,UMCH-SRC-P0444,Sostituendo i valori nel parametro di fase θ:,,,unclassified,CONJECTURE,,,,NOT_CHECKED,NONE_ASSIGNED,UNREVIEWED,,,Pending atomicity and scientific review.
UMCH-CLM-0445,UMCH-SRC-P0445,θ=21​×(1011 T)×(1.724×10−17 T−1 m−1)×(104 m)=8.62×10−3 rad,,,unclassified,CONJECTURE,,UMCH-EQ-0277,,NOT_CHECKED,NONE_ASSIGNED,UNREVIEWED,,,Pending atomicity and scientific review.
UMCH-CLM-0446,UMCH-SRC-P0446,"Poiché θ≪1, possiamo applicare l'approssimazione per piccoli angoli sin(θ)≈θ:",,,unclassified,CONJECTURE,,UMCH-EQ-0278,,NOT_CHECKED,NONE_ASSIGNED,UNREVIEWED,,,Pending atomicity and scientific review.
UMCH-CLM-0447,UMCH-SRC-P0447,Pγ→g​≈θ2=(8.62×10−3)2≈7.43×10−5,,,unclassified,CONJECTURE,,UMCH-EQ-0279,,NOT_CHECKED,NONE_ASSIGNED,UNREVIEWED,,,Pending atomicity and scientific review.
UMCH-CLM-0448,UMCH-SRC-P0448,"Se si assume un raggio stellare leggermente maggiore, RN​=12 km:",,,unclassified,ASSUMPTION,,UMCH-EQ-0280,,NOT_CHECKED,NONE_ASSIGNED,UNREVIEWED,,,Pending atomicity and scientific review.
UMCH-CLM-0449,UMCH-SRC-P0449,θ=1.035×10−2 rad⟹Pγ→g​≈1.07×10−4,,,unclassified,CONJECTURE,,UMCH-EQ-0281,,NOT_CHECKED,NONE_ASSIGNED,UNREVIEWED,,,Pending atomicity and scientific review.
UMCH-CLM-0450,UMCH-SRC-P0450,4. Note sulla Soppressione da Polarizzazione del Vuoto (QED),,,quantum-fields,CONCLUSION,,,,NOT_CHECKED,NONE_ASSIGNED,UNREVIEWED,,,Pending atomicity and scientific review.
UMCH-CLM-0451,UMCH-SRC-P0451,"Nel contesto reale di SGR 1806-20, poiché B0​=1015 G≫BQED​≈4.41×1013 G, l'effetto Euler-Heisenberg introduce un indice di rifrazione del vuoto nQED​>1. Ciò crea un disaccoppiamento di fase (Δk=kγ​−kg​=0) tra il fotone e il gravitone espresso dal parametro di disallineamento:",,,gravitation,CONJECTURE,,UMCH-EQ-0282,,NOT_CHECKED,NONE_ASSIGNED,UNREVIEWED,,,Pending atomicity and scientific review.
UMCH-CLM-0452,UMCH-SRC-P0452,ΔkQED​≈45π11α​(BQED​B0​​)2cω​,,,quantum-fields,CONJECTURE,,UMCH-EQ-0283,,NOT_CHECKED,NONE_ASSIGNED,UNREVIEWED,,,Pending atomicity and scientific review.
UMCH-CLM-0453,UMCH-SRC-P0453,"In assenza di un plasma magnetosferico risonante che compensi Δk, la probabilità effettiva viene soppressa di un fattore (ΔkLint​2θ​)2, riducendo la conversione omogenea nel vuoto a meno che non si verifichi una conversione risonante di tipo MSW nello strato sottile dove ωp2​≈ωQED2​.",,,quantum-fields,CONJECTURE,,UMCH-EQ-0284,,NOT_CHECKED,NONE_ASSIGNED,UNREVIEWED,,,Pending atomicity and scientific review.
UMCH-CLM-0454,UMCH-SRC-P0454,User prompt: Calcola la densita di plasma necessaria per la conversione risonante di Gertsenshtein nella magnetosfera di SGR 1806-20.,,,unclassified,CONJECTURE,,,,NOT_CHECKED,NONE_ASSIGNED,UNREVIEWED,,,Pending atomicity and scientific review.
UMCH-CLM-0455,UMCH-SRC-P0455,Response: La conversione risonante di Gertsenshtein (analoga all'effetto MSW nei neutrini) si verifica quando la componente dell'indice di rifrazione del plasma bilancia esattamente l'aumento dell'indice di rifrazione dovuto alla polarizzazione del vuoto QED:,,,quantum-fields,CONJECTURE,,,,NOT_CHECKED,NONE_ASSIGNED,UNREVIEWED,,,Pending atomicity and scientific review.
UMCH-CLM-0456,UMCH-SRC-P0456,Δntotale​=ΔnQED​+Δnplasma​=0,,,quantum-fields,CONJECTURE,,UMCH-EQ-0285,,NOT_CHECKED,NONE_ASSIGNED,UNREVIEWED,,,Pending atomicity and scientific review.
UMCH-CLM-0457,UMCH-SRC-P0457,1. Derivazione Analitica della Densità Risonante,,,unclassified,CONCLUSION,,,,NOT_CHECKED,NONE_ASSIGNED,UNREVIEWED,,,Pending atomicity and scientific review.
UMCH-CLM-0458,UMCH-SRC-P0458,A. Termine di Polarizzazione del Vuoto (QED): Per fotoni nel modo ordinario (∥) in un campo magnetico ultra-forte B0​:,,,quantum-fields,CONJECTURE,,,,NOT_CHECKED,NONE_ASSIGNED,UNREVIEWED,,,Pending atomicity and scientific review.
UMCH-CLM-0459,UMCH-SRC-P0459,ΔnQED​=45π7α​(BQED​B0​​)2,,,quantum-fields,CONJECTURE,,UMCH-EQ-0286,,NOT_CHECKED,NONE_ASSIGNED,UNREVIEWED,,,Pending atomicity and scientific review.
UMCH-CLM-0460,UMCH-SRC-P0460,B. Termine del Plasma:,,,unclassified,CONJECTURE,,,,NOT_CHECKED,NONE_ASSIGNED,UNREVIEWED,,,Pending atomicity and scientific review.
UMCH-CLM-0461,UMCH-SRC-P0461,Δnplasma​=−2ω2ωp2​​,,,unclassified,CONJECTURE,,UMCH-EQ-0287,,NOT_CHECKED,NONE_ASSIGNED,UNREVIEWED,,,Pending atomicity and scientific review.
UMCH-CLM-0462,UMCH-SRC-P0462,dove la frequenza di plasma è ωp​=ϵ0​me​ne​e2​​ e ω=2πf è la frequenza dell'onda.,,,unclassified,CONJECTURE,,UMCH-EQ-0288,,NOT_CHECKED,NONE_ASSIGNED,UNREVIEWED,,,Pending atomicity and scientific review.
UMCH-CLM-0463,UMCH-SRC-P0463,C. Condizione di Risonanza (Δnplasma​+ΔnQED​=0):,,,quantum-fields,CONJECTURE,,UMCH-EQ-0289,,NOT_CHECKED,NONE_ASSIGNED,UNREVIEWED,,,Pending atomicity and scientific review.
UMCH-CLM-0464,UMCH-SRC-P0464,2ω2ωp2​​=ΔnQED​⟹ne​=e28π2ϵ0​me​​ΔnQED​⋅f2,,,quantum-fields,CONJECTURE,,UMCH-EQ-0290,,NOT_CHECKED,NONE_ASSIGNED,UNREVIEWED,,,Pending atomicity and scientific review.
UMCH-CLM-0465,UMCH-SRC-P0465,2. Calcolo Numerico per SGR 1806-20,,,unclassified,CONCLUSION,,,,NOT_CHECKED,NONE_ASSIGNED,UNREVIEWED,,,Pending atomicity and scientific review.
UMCH-CLM-0466,UMCH-SRC-P0466,Parametri di SGR 1806-20:,,,unclassified,CONJECTURE,,,,NOT_CHECKED,NONE_ASSIGNED,UNREVIEWED,,,Pending atomicity and scientific review.
UMCH-CLM-0467,UMCH-SRC-P0467,B0​=1015 G=1011 T,,,unclassified,CONJECTURE,,UMCH-EQ-0291,,NOT_CHECKED,NONE_ASSIGNED,UNREVIEWED,,,Pending atomicity and scientific review.
UMCH-CLM-0468,UMCH-SRC-P0468,BQED​=4.41×1013 G=4.41×109 T,,,quantum-fields,CONJECTURE,,UMCH-EQ-0292,,NOT_CHECKED,NONE_ASSIGNED,UNREVIEWED,,,Pending atomicity and scientific review.
UMCH-CLM-0469,UMCH-SRC-P0469,Ratio: (BQED​B0​​)2≈(22.68)2≈514.2,,,quantum-fields,CONJECTURE,,UMCH-EQ-0293,,NOT_CHECKED,NONE_ASSIGNED,UNREVIEWED,,,Pending atomicity and scientific review.
UMCH-CLM-0470,UMCH-SRC-P0470,Valore di ΔnQED​:,,,quantum-fields,CONJECTURE,,UMCH-EQ-0294,,NOT_CHECKED,NONE_ASSIGNED,UNREVIEWED,,,Pending atomicity and scientific review.
UMCH-CLM-0471,UMCH-SRC-P0471,ΔnQED​=45π7×(1/137.036)​×514.2≈0.186,,,quantum-fields,CONJECTURE,,UMCH-EQ-0295,,NOT_CHECKED,NONE_ASSIGNED,UNREVIEWED,,,Pending atomicity and scientific review.
UMCH-CLM-0472,UMCH-SRC-P0472,Fattore Costante:,,,unclassified,CONJECTURE,,,,NOT_CHECKED,NONE_ASSIGNED,UNREVIEWED,,,Pending atomicity and scientific review.
UMCH-CLM-0473,UMCH-SRC-P0473,e28π2ϵ0​me​​≈2.48×10−2 m−3 Hz−2,,,unclassified,CONJECTURE,,UMCH-EQ-0296,,NOT_CHECKED,NONE_ASSIGNED,UNREVIEWED,,,Pending atomicity and scientific review.
UMCH-CLM-0474,UMCH-SRC-P0474,Formula della Densità Elettronica Risonante:,,,unclassified,CONJECTURE,,,,NOT_CHECKED,NONE_ASSIGNED,UNREVIEWED,,,Pending atomicity and scientific review.
UMCH-CLM-0475,UMCH-SRC-P0475,ne​(f)≈(2.48×10−2)×0.186×f2≈4.6×10−3⋅f2[m−3],,,unclassified,CONJECTURE,,UMCH-EQ-0297,,NOT_CHECKED,NONE_ASSIGNED,UNREVIEWED,,,Pending atomicity and scientific review.
UMCH-CLM-0476,UMCH-SRC-P0476,ne​(f)≈4.6×10−9⋅f2[cm−3],,,unclassified,CONJECTURE,,UMCH-EQ-0298,,NOT_CHECKED,NONE_ASSIGNED,UNREVIEWED,,,Pending atomicity and scientific review.
UMCH-CLM-0477,UMCH-SRC-P0477,3. Valutazione della Densità per Bande di Frequenza,,,unclassified,CONCLUSION,,,,NOT_CHECKED,NONE_ASSIGNED,UNREVIEWED,,,Pending atomicity and scientific review.
UMCH-CLM-0478,UMCH-SRC-P0478,4. Contestualizzazione con la Magnetosfera della Magnetar,,,unclassified,CONCLUSION,,,,NOT_CHECKED,NONE_ASSIGNED,UNREVIEWED,,,Pending atomicity and scientific review.
UMCH-CLM-0479,UMCH-SRC-P0479,"Per verificare la realizzabilità fisica, confrontiamo questi valori con la densità di Goldreich-Julian (nGJ​) della magnetar (periodo P≈7.54 s):",,,unclassified,COMPARISON,,UMCH-EQ-0299,,NOT_CHECKED,NONE_ASSIGNED,UNREVIEWED,,,Pending atomicity and scientific review.
UMCH-CLM-0480,UMCH-SRC-P0480,nGJ​=ecP4πB0​​≈3.5×1015 cm−3,,,unclassified,CONJECTURE,,UMCH-EQ-0300,,NOT_CHECKED,NONE_ASSIGNED,UNREVIEWED,,,Pending atomicity and scientific review.
UMCH-CLM-0481,UMCH-SRC-P0481,"Poiché la produzione di coppie e± nella magnetosfera di una magnetar genera un fattore di moltiplicazione M∼103−105, la densità effettiva del plasma raggiunge neff​∼MnGJ​≈1018−1020 cm−3.",,,unclassified,CONJECTURE,,UMCH-EQ-0301,,NOT_CHECKED,NONE_ASSIGNED,UNREVIEWED,,,Pending atomicity and scientific review.
UMCH-CLM-0482,UMCH-SRC-P0482,Conclusione: La densità magnetosferica reale coincide con la densità di risonanza per fotoni/onde gravitazionali nella fascia infrarossa/ottica (1014−1015 Hz). È in questa finestra frequenziale che la conversione di Gertsenshtein risonante viene massimizzata nella magnetosfera di SGR 1806-20.,,,gravitation,CONJECTURE,,,,NOT_CHECKED,NONE_ASSIGNED,UNREVIEWED,,,Pending atomicity and scientific review.
UMCH-CLM-0483,UMCH-SRC-P0483,Sources,,,unclassified,CONJECTURE,,,,NOT_CHECKED,NONE_ASSIGNED,UNREVIEWED,,,Pending atomicity and scientific review.
UMCH-CLM-0484,UMCH-SRC-P0484,<https://arxiv.org/pdf/1211.0500>Conversion of relic gravitational waves into photons in cosmological magnetic fields - arXiv,,,cosmology,CONJECTURE,,,,NOT_CHECKED,NONE_ASSIGNED,UNREVIEWED,,,Pending atomicity and scientific review.
UMCH-CLM-0485,UMCH-SRC-P0485,User prompt: Crea documento unico con tutto il paper scientifico,,,unclassified,CONJECTURE,,,,NOT_CHECKED,NONE_ASSIGNED,UNREVIEWED,,,Pending atomicity and scientific review.
UMCH-CLM-0486,UMCH-SRC-P0486,"Response: Studio Teorico e Numerico del Rapporto R, dell'Effetto Gertsenshtein e della Conversione Risonante in Magnetar (SGR 1806-20)",,,unclassified,CONCLUSION,,,,NOT_CHECKED,NONE_ASSIGNED,UNREVIEWED,,,Pending atomicity and scientific review.
UMCH-CLM-0487,UMCH-SRC-P0487,Abstract,,,unclassified,CONCLUSION,,,,NOT_CHECKED,NONE_ASSIGNED,UNREVIEWED,,,Pending atomicity and scientific review.
UMCH-CLM-0488,UMCH-SRC-P0488,"Il presente lavoro analizza le implicazioni teoriche e le dinamiche di conversione energetica legate al rapporto di emissione R=PGW​PEM​​ in oggetti compatti ad alto campo magnetico. Viene formalizzato l'accoppiamento magneto-cinematico microscopico e macroscopico per pulsar millisecondo e magnetar, mostrando come il regime di singola particella sia fortemente dominato dal canale elettromagnetico (R≈4.17×1042), mentre effetti di collettività e deformazioni quadrupolari magneticamente indotte riducano il rapporto macroscopico Rmac​. Viene inoltre eseguito il calcolo analitico e numerico della conversione di Gertsenshtein (fotone-gravitone) per la magnetar SGR 1806-20 (B0​=1015 G), analizzando la soppressione dovuta alla polarizzazione del vuoto QED e derivando la densità di plasma necessaria per attivare la conversione risonante MSW-like nella magnetosfera.",,,gravitation,NUMERICAL_RESULT,,,,NOT_CHECKED,NONE_ASSIGNED,UNREVIEWED,,,Pending atomicity and scientific review.
UMCH-CLM-0489,UMCH-SRC-P0489,1. Modellizzazione dell'Accoppiamento Magneto-Cinematico e Rapporto R Microscopico,,,unclassified,CONCLUSION,,,,NOT_CHECKED,NONE_ASSIGNED,UNREVIEWED,,,Pending atomicity and scientific review.
UMCH-CLM-0490,UMCH-SRC-P0490,L'applicazione del rapporto d'emissione strutturale R=Pgrav​PEM​​ a oggetti compatti richiede la caratterizzazione del parametro di curvatura cinematica κ0​ lungo le linee di campo magnetico della stella di neutroni.,,,geometry,CONJECTURE,,UMCH-EQ-0302,,NOT_CHECKED,NONE_ASSIGNED,UNREVIEWED,,,Pending atomicity and scientific review.
UMCH-CLM-0491,UMCH-SRC-P0491,"Per un oggetto compatto di massa M≈1.4M⊙​ e raggio RN​≈10 km, con un campo magnetico dipolare di superficie B0​, il raggio di curvatura ρcurv​ e la curvatura κ0​ lungo le linee di campo magnetico si esprimono come:",,,geometry,CONJECTURE,,UMCH-EQ-0303,,NOT_CHECKED,NONE_ASSIGNED,UNREVIEWED,,,Pending atomicity and scientific review.
UMCH-CLM-0492,UMCH-SRC-P0492,κ0​=ρcurv​1​=4r3sinθ​1+cos2θ​,,,geometry,CONJECTURE,,UMCH-EQ-0304,,NOT_CHECKED,NONE_ASSIGNED,UNREVIEWED,,,Pending atomicity and scientific review.
UMCH-CLM-0493,UMCH-SRC-P0493,dove θ rappresenta l'angolo di colatitudine magnetica e r la distanza dal centro dell'oggetto.,,,unclassified,CONJECTURE,,,,NOT_CHECKED,NONE_ASSIGNED,UNREVIEWED,,,Pending atomicity and scientific review.
UMCH-CLM-0494,UMCH-SRC-P0494,1.1 Invarianza del Rapporto R nel Regime Relativistico Magnetosferico,,,unclassified,CONCLUSION,,,,NOT_CHECKED,NONE_ASSIGNED,UNREVIEWED,,,Pending atomicity and scientific review.
UMCH-CLM-0495,UMCH-SRC-P0495,"Per particelle ultra-relativistiche (γ≫1, β→1) accelerate lungo le linee di campo nell'atmosfera della magnetar o in prossimità del light cylinder rLC​=Ωc​, la potenza radiata nei due canali da una singola carica esprime il rapporto incondizionato:",,,unclassified,CONJECTURE,,UMCH-EQ-0305,,NOT_CHECKED,NONE_ASSIGNED,UNREVIEWED,,,Pending atomicity and scientific review.
UMCH-CLM-0496,UMCH-SRC-P0496,R=12πϵ0​Gc45​(m0​q​)2,,,unclassified,CONJECTURE,,UMCH-EQ-0306,,NOT_CHECKED,NONE_ASSIGNED,UNREVIEWED,,,Pending atomicity and scientific review.
UMCH-CLM-0497,UMCH-SRC-P0497,"Per un plasma di coppia elettrone-positrone (q=e, m0​=me​), si ottiene il limite microscopico teorico:",,,unclassified,CONJECTURE,,UMCH-EQ-0307,,NOT_CHECKED,NONE_ASSIGNED,UNREVIEWED,,,Pending atomicity and scientific review.
UMCH-CLM-0498,UMCH-SRC-P0498,R(e±)​=12πϵ0​Gc45​(me​e​)2≈4.17×1042,,,unclassified,CONJECTURE,,UMCH-EQ-0308,,NOT_CHECKED,NONE_ASSIGNED,UNREVIEWED,,,Pending atomicity and scientific review.
UMCH-CLM-0499,UMCH-SRC-P0499,"A livello microscopico, l'emissione elettromagnetica supera quella gravitazionale di oltre 42 ordini di grandezza.",,,gravitation,CONJECTURE,,,,NOT_CHECKED,NONE_ASSIGNED,UNREVIEWED,,,Pending atomicity and scientific review.
UMCH-CLM-0500,UMCH-SRC-P0500,2. Regime Macroscopico ed Ellitticità Indotta,,,unclassified,CONCLUSION,,,,NOT_CHECKED,NONE_ASSIGNED,UNREVIEWED,,,Pending atomicity and scientific review.
UMCH-CLM-0501,UMCH-SRC-P0501,"A livello macroscopico, l'emissione gravitazionale dell'oggetto compatto diviene significativa a causa delle deformazioni quadrupolari rigide (ϵ) indotte dalla pressione magnetica interna del campo Bint​.",,,gravitation,CONJECTURE,,,,NOT_CHECKED,NONE_ASSIGNED,UNREVIEWED,,,Pending atomicity and scientific review.
UMCH-CLM-0502,UMCH-SRC-P0502,2.1 Ellitticità Magnetica e Potenza Radiata,,,unclassified,CONCLUSION,,,,NOT_CHECKED,NONE_ASSIGNED,UNREVIEWED,,,Pending atomicity and scientific review.
UMCH-CLM-0503,UMCH-SRC-P0503,L'ellitticità indotta dalla componente magnetica intra-stellare è data da:,,,unclassified,CONJECTURE,,,,NOT_CHECKED,NONE_ASSIGNED,UNREVIEWED,,,Pending atomicity and scientific review.
UMCH-CLM-0504,UMCH-SRC-P0504,ϵ≈I0​ΔI​∼GM2RN4​Bint2​​≈10−6(1015 GBint​​)2,,,unclassified,CONJECTURE,,UMCH-EQ-0309,,NOT_CHECKED,NONE_ASSIGNED,UNREVIEWED,,,Pending atomicity and scientific review.
UMCH-CLM-0505,UMCH-SRC-P0505,"Integrazione delle equazioni di perdita di energia per dipolo magnetico (PEM, dip​) e quadrupolo gravitazionale (PGW​):",,,gravitation,CONJECTURE,,,,NOT_CHECKED,NONE_ASSIGNED,UNREVIEWED,,,Pending atomicity and scientific review.
UMCH-CLM-0506,UMCH-SRC-P0506,"PEM, dip​=3μ0​c32​B02​RN6​Ω4sin2α",,,unclassified,CONJECTURE,,UMCH-EQ-0310,,NOT_CHECKED,NONE_ASSIGNED,UNREVIEWED,,,Pending atomicity and scientific review.
UMCH-CLM-0507,UMCH-SRC-P0507,PGW​=5c532G​I02​ϵ2Ω6,,,unclassified,CONJECTURE,,UMCH-EQ-0311,,NOT_CHECKED,NONE_ASSIGNED,UNREVIEWED,,,Pending atomicity and scientific review.
UMCH-CLM-0508,UMCH-SRC-P0508,Il rapporto macroscopico Rmac​ dell'oggetto compatto in rotazione con frequenza angolare Ω assume la forma:,,,unclassified,ASSUMPTION,,,,NOT_CHECKED,NONE_ASSIGNED,UNREVIEWED,,,Pending atomicity and scientific review.
UMCH-CLM-0509,UMCH-SRC-P0509,"Rmac​=PGW​PEM, dip​​=48πϵ0​GI02​ϵ2Ω25c2B02​RN6​sin2α​∝Ω21​(Bint​B0​​)2(RN2​GM2​)2",,,unclassified,CONJECTURE,,UMCH-EQ-0312,,NOT_CHECKED,NONE_ASSIGNED,UNREVIEWED,,,Pending atomicity and scientific review.
UMCH-CLM-0510,UMCH-SRC-P0510,2.2 Confronto Tra Regime di Pulsar e Magnetar,,,unclassified,CONCLUSION,,,,NOT_CHECKED,NONE_ASSIGNED,UNREVIEWED,,,Pending atomicity and scientific review.
UMCH-CLM-0511,UMCH-SRC-P0511,3. Conversione di Gertsenshtein Omogenea per SGR 1806-20,,,unclassified,CONCLUSION,,,,NOT_CHECKED,NONE_ASSIGNED,UNREVIEWED,,,Pending atomicity and scientific review.
UMCH-CLM-0512,UMCH-SRC-P0512,L'interazione tra fotoni ad alta energia e campi magnetici esterni intensi genera un mescolamento fotone-gravitone noto come effetto Gertsenshtein.,,,gravitation,CONJECTURE,,,,NOT_CHECKED,NONE_ASSIGNED,UNREVIEWED,,,Pending atomicity and scientific review.
UMCH-CLM-0513,UMCH-SRC-P0513,3.1 Formalismo e Valutazione Numerica,,,unclassified,CONCLUSION,,,,NOT_CHECKED,NONE_ASSIGNED,UNREVIEWED,,,Pending atomicity and scientific review.
UMCH-CLM-0514,UMCH-SRC-P0514,La probabilità di conversione diretta per un fotone che attraversa una regione di campo magnetico uniforme B0​ su una lunghezza d'interazione Lint​ è definita da:,,,unclassified,CONJECTURE,,,,NOT_CHECKED,NONE_ASSIGNED,UNREVIEWED,,,Pending atomicity and scientific review.
UMCH-CLM-0515,UMCH-SRC-P0515,"Pγ→g​=sin2(θ),con θ=21​B0​πϵ0​c4G​​Lint​",,,unclassified,CONJECTURE,,UMCH-EQ-0313,,NOT_CHECKED,NONE_ASSIGNED,UNREVIEWED,,,Pending atomicity and scientific review.
UMCH-CLM-0516,UMCH-SRC-P0516,Utilizzando i parametri fisici standard del Sistema Internazionale:,,,unclassified,CONJECTURE,,,,NOT_CHECKED,NONE_ASSIGNED,UNREVIEWED,,,Pending atomicity and scientific review.
UMCH-CLM-0517,UMCH-SRC-P0517,G≈6.6743×10−11 m3 kg−1 s−2,,,unclassified,CONJECTURE,,UMCH-EQ-0314,,NOT_CHECKED,NONE_ASSIGNED,UNREVIEWED,,,Pending atomicity and scientific review.
UMCH-CLM-0518,UMCH-SRC-P0518,ϵ0​≈8.8542×10−12 F m−1,,,unclassified,CONJECTURE,,UMCH-EQ-0315,,NOT_CHECKED,NONE_ASSIGNED,UNREVIEWED,,,Pending atomicity and scientific review.
UMCH-CLM-0519,UMCH-SRC-P0519,c≈2.9979×108 m s−1,,,unclassified,CONJECTURE,,UMCH-EQ-0316,,NOT_CHECKED,NONE_ASSIGNED,UNREVIEWED,,,Pending atomicity and scientific review.
UMCH-CLM-0520,UMCH-SRC-P0520,B0​=1015 G=1011 T,,,unclassified,CONJECTURE,,UMCH-EQ-0317,,NOT_CHECKED,NONE_ASSIGNED,UNREVIEWED,,,Pending atomicity and scientific review.
UMCH-CLM-0521,UMCH-SRC-P0521,Lint​=RN​=10 km=104 m,,,unclassified,CONJECTURE,,UMCH-EQ-0318,,NOT_CHECKED,NONE_ASSIGNED,UNREVIEWED,,,Pending atomicity and scientific review.
UMCH-CLM-0522,UMCH-SRC-P0522,Il costante di accoppiamento radice assume il valore:,,,unclassified,ASSUMPTION,,,,NOT_CHECKED,NONE_ASSIGNED,UNREVIEWED,,,Pending atomicity and scientific review.
UMCH-CLM-0523,UMCH-SRC-P0523,πϵ0​c4G​​≈1.724×10−17 T−1 m−1,,,unclassified,CONJECTURE,,UMCH-EQ-0319,,NOT_CHECKED,NONE_ASSIGNED,UNREVIEWED,,,Pending atomicity and scientific review.
UMCH-CLM-0524,UMCH-SRC-P0524,Calcolo dell'angolo di mixing θ:,,,unclassified,CONJECTURE,,,,NOT_CHECKED,NONE_ASSIGNED,UNREVIEWED,,,Pending atomicity and scientific review.
UMCH-CLM-0525,UMCH-SRC-P0525,θ=21​×1011×(1.724×10−17)×104=8.62×10−3 rad,,,unclassified,CONJECTURE,,UMCH-EQ-0320,,NOT_CHECKED,NONE_ASSIGNED,UNREVIEWED,,,Pending atomicity and scientific review.
UMCH-CLM-0526,UMCH-SRC-P0526,Applicando l'approssimazione per piccoli angoli (sinθ≈θ):,,,unclassified,CONJECTURE,,UMCH-EQ-0321,,NOT_CHECKED,NONE_ASSIGNED,UNREVIEWED,,,Pending atomicity and scientific review.
UMCH-CLM-0527,UMCH-SRC-P0527,Pγ→g​≈θ2=(8.62×10−3)2≈7.43×10−5,,,unclassified,CONJECTURE,,UMCH-EQ-0322,,NOT_CHECKED,NONE_ASSIGNED,UNREVIEWED,,,Pending atomicity and scientific review.
UMCH-CLM-0528,UMCH-SRC-P0528,"(Nota: considerando un raggio stellare RN​=12 km, si ottiene θ=1.035×10−2 rad e Pγ→g​≈1.07×10−4).",,,unclassified,CONJECTURE,,UMCH-EQ-0323,,NOT_CHECKED,NONE_ASSIGNED,UNREVIEWED,,,Pending atomicity and scientific review.
UMCH-CLM-0529,UMCH-SRC-P0529,4. Soppressione QED e Condizione di Conversione Risonante nel Plasma,,,quantum-fields,CONCLUSION,,,,NOT_CHECKED,NONE_ASSIGNED,UNREVIEWED,,,Pending atomicity and scientific review.
UMCH-CLM-0530,UMCH-SRC-P0530,"Nel regime di campo ultra-critico B0​≫BQED​≈4.41×1013 G, la polarizzazione del vuoto descritta dalla lagrangiana di Euler-Heisenberg modifica l'indice di rifrazione del vuoto (nQED​>1), introducendo un disaccoppiamento di fase che sopprime la conversione omogenea.",,,quantum-fields,CONJECTURE,,UMCH-EQ-0324,,NOT_CHECKED,NONE_ASSIGNED,UNREVIEWED,,,Pending atomicity and scientific review.
UMCH-CLM-0531,UMCH-SRC-P0531,Per ripristinare l'efficienza di conversione è richiesta una condizione di risonanza nello strato magnetosferico dove la rifrazione del plasma compensa esattamente la rifrazione QED:,,,quantum-fields,CONJECTURE,,,,NOT_CHECKED,NONE_ASSIGNED,UNREVIEWED,,,Pending atomicity and scientific review.
UMCH-CLM-0532,UMCH-SRC-P0532,Δntotale​=ΔnQED​+Δnplasma​=0,,,quantum-fields,CONJECTURE,,UMCH-EQ-0325,,NOT_CHECKED,NONE_ASSIGNED,UNREVIEWED,,,Pending atomicity and scientific review.
UMCH-CLM-0533,UMCH-SRC-P0533,4.1 Derivazione della Densità di Plasma Risonante,,,unclassified,CONCLUSION,,,,NOT_CHECKED,NONE_ASSIGNED,UNREVIEWED,,,Pending atomicity and scientific review.
UMCH-CLM-0534,UMCH-SRC-P0534,La componente di polarizzazione QED per fotoni nel modo ordinario (∥) è:,,,quantum-fields,CONJECTURE,,,,NOT_CHECKED,NONE_ASSIGNED,UNREVIEWED,,,Pending atomicity and scientific review.
UMCH-CLM-0535,UMCH-SRC-P0535,ΔnQED​=45π7α​(BQED​B0​​)2,,,quantum-fields,CONJECTURE,,UMCH-EQ-0326,,NOT_CHECKED,NONE_ASSIGNED,UNREVIEWED,,,Pending atomicity and scientific review.
UMCH-CLM-0536,UMCH-SRC-P0536,La componente dell'indice di rifrazione del plasma è espressa in funzione della frequenza di plasma ωp​=ϵ0​me​ne​e2​​:,,,unclassified,CONJECTURE,,UMCH-EQ-0327,,NOT_CHECKED,NONE_ASSIGNED,UNREVIEWED,,,Pending atomicity and scientific review.
UMCH-CLM-0537,UMCH-SRC-P0537,Δnplasma​=−2ω2ωp2​​,,,unclassified,CONJECTURE,,UMCH-EQ-0328,,NOT_CHECKED,NONE_ASSIGNED,UNREVIEWED,,,Pending atomicity and scientific review.
UMCH-CLM-0538,UMCH-SRC-P0538,"Uguagliando i termini (Δnplasma​+ΔnQED​=0), si ricava la densità elettronica risonante ne​:",,,quantum-fields,DERIVATION,,UMCH-EQ-0329,,NOT_CHECKED,NONE_ASSIGNED,UNREVIEWED,,,Pending atomicity and scientific review.
UMCH-CLM-0539,UMCH-SRC-P0539,ne​=e28π2ϵ0​me​​ΔnQED​⋅f2,,,quantum-fields,CONJECTURE,,UMCH-EQ-0330,,NOT_CHECKED,NONE_ASSIGNED,UNREVIEWED,,,Pending atomicity and scientific review.
UMCH-CLM-0540,UMCH-SRC-P0540,4.2 Risultati Numerici per SGR 1806-20,,,unclassified,CONCLUSION,,,,NOT_CHECKED,NONE_ASSIGNED,UNREVIEWED,,,Pending atomicity and scientific review.
UMCH-CLM-0541,UMCH-SRC-P0541,"Per B0​=1015 G, si ha (BQED​B0​​)2≈514.2, da cui:",,,quantum-fields,CONJECTURE,,UMCH-EQ-0331,,NOT_CHECKED,NONE_ASSIGNED,UNREVIEWED,,,Pending atomicity and scientific review.
UMCH-CLM-0542,UMCH-SRC-P0542,ΔnQED​=45π7×(1/137.036)​×514.2≈0.186,,,quantum-fields,CONJECTURE,,UMCH-EQ-0332,,NOT_CHECKED,NONE_ASSIGNED,UNREVIEWED,,,Pending atomicity and scientific review.
UMCH-CLM-0543,UMCH-SRC-P0543,Inserendo i valori delle costanti fisiche:,,,unclassified,CONJECTURE,,,,NOT_CHECKED,NONE_ASSIGNED,UNREVIEWED,,,Pending atomicity and scientific review.
UMCH-CLM-0544,UMCH-SRC-P0544,ne​(f)≈(2.48×10−2)×0.186×f2≈4.6×10−3⋅f2[m−3],,,unclassified,CONJECTURE,,UMCH-EQ-0333,,NOT_CHECKED,NONE_ASSIGNED,UNREVIEWED,,,Pending atomicity and scientific review.
UMCH-CLM-0545,UMCH-SRC-P0545,ne​(f)≈4.6×10−9⋅f2[cm−3],,,unclassified,CONJECTURE,,UMCH-EQ-0334,,NOT_CHECKED,NONE_ASSIGNED,UNREVIEWED,,,Pending atomicity and scientific review.
UMCH-CLM-0546,UMCH-SRC-P0546,4.3 Densità Risonante nelle Varie Bande Spettrali,,,unclassified,CONCLUSION,,,,NOT_CHECKED,NONE_ASSIGNED,UNREVIEWED,,,Pending atomicity and scientific review.
UMCH-CLM-0547,UMCH-SRC-P0547,5. Valutazione Magnetosferica e Conclusioni,,,unclassified,CONCLUSION,,,,NOT_CHECKED,NONE_ASSIGNED,UNREVIEWED,,,Pending atomicity and scientific review.
UMCH-CLM-0548,UMCH-SRC-P0548,"Per stabilire la realizzabilità fisica del processo risonante, la densità teorica calcolata deve essere confrontata con la densità di Goldreich-Julian (nGJ​) per SGR 1806-20 (periodo P≈7.54 s):",,,unclassified,COMPARISON,,UMCH-EQ-0335,,NOT_CHECKED,NONE_ASSIGNED,UNREVIEWED,,,Pending atomicity and scientific review.
UMCH-CLM-0549,UMCH-SRC-P0549,nGJ​=ecP4πB0​​≈3.5×1015 cm−3,,,unclassified,CONJECTURE,,UMCH-EQ-0336,,NOT_CHECKED,NONE_ASSIGNED,UNREVIEWED,,,Pending atomicity and scientific review.
UMCH-CLM-0550,UMCH-SRC-P0550,"Tenendo conto della cascata di produzione di coppie e± caratteristica delle magnetar, che incrementa la densità reale di un fattore di moltiplicazione M∼103−105, la densità effettiva del plasma nella magnetosfera raggiunge:",,,unclassified,CONJECTURE,,,,NOT_CHECKED,NONE_ASSIGNED,UNREVIEWED,,,Pending atomicity and scientific review.
UMCH-CLM-0551,UMCH-SRC-P0551,neff​≈M⋅nGJ​∼1018−1020 cm−3,,,unclassified,CONJECTURE,,UMCH-EQ-0337,,NOT_CHECKED,NONE_ASSIGNED,UNREVIEWED,,,Pending atomicity and scientific review.
UMCH-CLM-0552,UMCH-SRC-P0552,Conclusioni,,,unclassified,CONCLUSION,,,,NOT_CHECKED,NONE_ASSIGNED,UNREVIEWED,,,Pending atomicity and scientific review.
UMCH-CLM-0553,UMCH-SRC-P0553,Finestra di Risonanza Elettromagnetico-Gravitazionale: La densità magnetosferica effettiva neff​ coincide con la densità di risonanza ne​(f) nella banda dell'Infrarosso / Ottico (1014−1015 Hz).,,,gravitation,CONJECTURE,,,,NOT_CHECKED,NONE_ASSIGNED,UNREVIEWED,,,Pending atomicity and scientific review.
UMCH-CLM-0554,UMCH-SRC-P0554,"Implicazioni Osservative: Durante eventi impulsivi come i Giant Flares, il transitorio di riconnessione magnetica abbassa il valore locale di Rmac​, attivando la conversione di Gertsenshtein risonante nella finestra ottica/IR e trasferendo una frazione apprezzabile di energia nel canale gravitazionale ad alta frequenza, rilevabile in linea di principio da interferometri di nuova generazione.",,,gravitation,CONJECTURE,,,,NOT_CHECKED,NONE_ASSIGNED,UNREVIEWED,,,Pending atomicity and scientific review.
UMCH-CLM-0555,UMCH-SRC-P0555,User prompt: In base a queste nuove formule matematiche é possibile creare un campo ionico ed elettromagnetico rotante che contrasti la gravità?,,,gravitation,CONJECTURE,,,,NOT_CHECKED,NONE_ASSIGNED,UNREVIEWED,,,Pending atomicity and scientific review.
UMCH-CLM-0556,UMCH-SRC-P0556,"Response: No, queste formule non permettono di creare un campo che annulli o schermi la gravità.",,,gravitation,CONJECTURE,,,,NOT_CHECKED,NONE_ASSIGNED,UNREVIEWED,,,Pending atomicity and scientific review.
UMCH-CLM-0557,UMCH-SRC-P0557,"Le equazioni mostrano come l'elettromagnetismo e la gravità interagiscano in condizioni estreme, ma confermano anche i precisi limiti fisici che impediscono la creazione di un dispositivo ""antigravitazionale"" da laboratorio.",,,gravitation,CONJECTURE,,,,NOT_CHECKED,NONE_ASSIGNED,UNREVIEWED,,,Pending atomicity and scientific review.
UMCH-CLM-0558,UMCH-SRC-P0558,I motivi teorici e pratici principali sono:,,,unclassified,CONJECTURE,,,,NOT_CHECKED,NONE_ASSIGNED,UNREVIEWED,,,Pending atomicity and scientific review.
UMCH-CLM-0559,UMCH-SRC-P0559,"Forza di spinta vs. Modifica della gravità: Un campo ionico o elettromagnetico rotante può generare una forza meccanica verso l'alto (tramite vento ionico, spinta magnetoidrodinamica o forza di Lorentz sul plasma). Questa spinta può far levitare un oggetto contrastando il peso, esattamente come fa l'elica di un elicottero, ma non modifica né annulla la curvatura dello spaziotempo (ovvero la gravità stessa).",,,gravitation,COMPARISON,,,,NOT_CHECKED,NONE_ASSIGNED,UNREVIEWED,,,Pending atomicity and scientific review.
UMCH-CLM-0560,UMCH-SRC-P0560,"Dominio dell'Elettromagnetismo (R≈1042): Il rapporto calcolato R=PEM​/Pgrav​≈1042 indica che le cariche elettriche convertono la loro energia quasi esclusivamente in radiazione elettromagnetica. L'effetto gravitazionale diretto generato dalla manipolazione di elettroni e ioni è inferiore di 42 ordini di grandezza, risultando impercettibile.",,,gravitation,CONJECTURE,,UMCH-EQ-0338,,NOT_CHECKED,NONE_ASSIGNED,UNREVIEWED,,,Pending atomicity and scientific review.
UMCH-CLM-0561,UMCH-SRC-P0561,"Onde vs. Campi Stazionari (Effetto Gertsenshtein): L'effetto Gertsenshtein permette la conversione di energia elettromagnetica in energia gravitazionale, ma produce onde gravitazionali (radiazione), non un campo repulsivo stazionario o una ""bolla di schermatura"".",,,gravitation,COMPARISON,,,,NOT_CHECKED,NONE_ASSIGNED,UNREVIEWED,,,Pending atomicity and scientific review.
UMCH-CLM-0562,UMCH-SRC-P0562,"Limiti dei campi di laboratorio: La conversione di Gertsenshtein diventa apprezzabile solo sotto campi magnetici astrofisici (B0​∼1015 G). Nei migliori laboratori terrestri (B∼10−45 T), la probabilità di accoppiamento fotone-gravitone scende a valori infinitesimali (∼10−25), rendendo impossibile generare effetti gravitazionali misurabili tramite campi rotanti terrestri.",,,gravitation,PREDICTION,,,,NOT_CHECKED,NONE_ASSIGNED,UNREVIEWED,,,Pending atomicity and scientific review.
UMCH-CLM-0563,UMCH-SRC-P0563,"I modelli di Kaluza-Klein, la doppia copia BCJ e la conversione di Gertsenshtein descrivono l'emissione radiativa ad alte energie e la fisica degli oggetti compatti (come le magnetar), ma confermano che la gravità non può essere alterata o annullata mediante campi elettromagnetici di laboratorio.",,,gravitation,CONJECTURE,,,,NOT_CHECKED,NONE_ASSIGNED,UNREVIEWED,,,Pending atomicity and scientific review.
UMCH-CLM-0564,UMCH-SRC-P0564,User prompt: Matematiche esiste antigravità?,,,gravitation,CONJECTURE,,,,NOT_CHECKED,NONE_ASSIGNED,UNREVIEWED,,,Pending atomicity and scientific review.
UMCH-CLM-0565,UMCH-SRC-P0565,"Response: Matematicamente l'antigravità esiste come soluzione formale all'interno delle equazioni della Relatività Generale e delle sue estensioni supersimmetriche, ma richiede premesse fisiche esotiche (come densità di energia o masse negative) non riscontrate nella materia ordinaria.",,,gravitation,CONJECTURE,,,,NOT_CHECKED,NONE_ASSIGNED,UNREVIEWED,,,Pending atomicity and scientific review.
UMCH-CLM-0566,UMCH-SRC-P0566,1. Violazione delle Condizioni sull'Energia nella Relatività Generale,,,unclassified,CONJECTURE,,,,NOT_CHECKED,NONE_ASSIGNED,UNREVIEWED,,,Pending atomicity and scientific review.
UMCH-CLM-0567,UMCH-SRC-P0567,"Nelle equazioni di campo di Einstein, la curvatura dello spaziotempo è legata al tensore energia-impulso Tμν​:",,,gravitation,CONJECTURE,,UMCH-EQ-0339,,NOT_CHECKED,NONE_ASSIGNED,UNREVIEWED,,,Pending atomicity and scientific review.
UMCH-CLM-0568,UMCH-SRC-P0568,Gμν​=c48πG​Tμν​,,,unclassified,CONJECTURE,,UMCH-EQ-0340,,NOT_CHECKED,NONE_ASSIGNED,UNREVIEWED,,,Pending atomicity and scientific review.
UMCH-CLM-0569,UMCH-SRC-P0569,"I teoremi sulle singolarità di Penrose-Hawking dimostrano che la gravità è strettamente attrattiva a patto che sia rispettata la Condizione Debole sull'Energia (WEC), la quale impone che per ogni osservatore con quadri-velocità uμ:",,,gravitation,CONJECTURE,,UMCH-EQ-0341,,NOT_CHECKED,NONE_ASSIGNED,UNREVIEWED,,,Pending atomicity and scientific review.
UMCH-CLM-0570,UMCH-SRC-P0570,Tμν​uμuν≥0⟹ρ≥0eρc2+pi​≥0,,,unclassified,CONJECTURE,,UMCH-EQ-0342,,NOT_CHECKED,NONE_ASSIGNED,UNREVIEWED,,,Pending atomicity and scientific review.
UMCH-CLM-0571,UMCH-SRC-P0571,"Massa/Energia Negativa (ρ<0): Se si inserisce matematicamente un valore di densità di energia negativa o massa negativa (m<0), l'equazione geodetica predice un'accelerazione in direzione opposta rispetto alla sorgente, generando una vera repulsione gravitazionale.",,,gravitation,CONJECTURE,,,,NOT_CHECKED,NONE_ASSIGNED,UNREVIEWED,,,Pending atomicity and scientific review.
UMCH-CLM-0572,UMCH-SRC-P0572,Soluzioni Esotiche: Modelli matematici coerenti come la metrica di Alcubierre (Warp Drive) o i Wormholes attraversabili di Morris-Thorne utilizzano formalmente tensori con energia negativa per creare zone di spaziotempo repulsivo.,,,gravitation,CONJECTURE,,,,NOT_CHECKED,NONE_ASSIGNED,UNREVIEWED,,,Pending atomicity and scientific review.
UMCH-CLM-0573,UMCH-SRC-P0573,2. Pressione Negativa e la Costante Cosmologica (Λ),,,cosmology,CONJECTURE,,UMCH-EQ-0343,,NOT_CHECKED,NONE_ASSIGNED,UNREVIEWED,,,Pending atomicity and scientific review.
UMCH-CLM-0574,UMCH-SRC-P0574,"L'unica forma di ""antigravità"" matematicamente confermata su scala cosmologica deriva dall'equazione di accelerazione di Friedmann-Lemaître-Robertson-Walker (FLRW):",,,cosmology,CONJECTURE,,,,NOT_CHECKED,NONE_ASSIGNED,UNREVIEWED,,,Pending atomicity and scientific review.
UMCH-CLM-0575,UMCH-SRC-P0575,aa¨​=−34πG​(ρ+c23p​)+3Λc2​,,,unclassified,CONJECTURE,,UMCH-EQ-0344,,NOT_CHECKED,NONE_ASSIGNED,UNREVIEWED,,,Pending atomicity and scientific review.
UMCH-CLM-0576,UMCH-SRC-P0576,"Quando l'equazione di stato della materia/energia ha una pressione fortemente negativa (p<−31​ρc2), come nel caso dell'Energia Oscura (p=−ρc2), il termine di accelerazione dell'universo a¨ diventa positivo. Questa repulsione gravitazionale su larga scala guida l'espansione accelerata dell'Universo.",,,cosmology,CONJECTURE,,UMCH-EQ-0345,,NOT_CHECKED,NONE_ASSIGNED,UNREVIEWED,,,Pending atomicity and scientific review.
UMCH-CLM-0577,UMCH-SRC-P0577,"3. Cancellazione nelle Teorie di Supergravità (N=2,8)",,,gravitation,CONJECTURE,,UMCH-EQ-0346,,NOT_CHECKED,NONE_ASSIGNED,UNREVIEWED,,,Pending atomicity and scientific review.
UMCH-CLM-0578,UMCH-SRC-P0578,"Nelle estensioni della Relatività Generale che incorporano la supersimmetria (Supergravità), il campo gravitazionale (spin-2, gravitone) si accoppia a campi di spin-1 (gravifotoni) e spin-0 (graviscalari).",,,gravitation,CONJECTURE,,,,NOT_CHECKED,NONE_ASSIGNED,UNREVIEWED,,,Pending atomicity and scientific review.
UMCH-CLM-0579,UMCH-SRC-P0579,"In queste formulazioni matematiche, l'interazione repulsiva a corto raggio mediata dal gravifotono tra due particelle identiche può cancellare esattamente l'attrazione gravitazionale mediata dal gravitone, creando uno stato di equilibrio neutro o repulsivo senza violare la positività dell'energia.",,,gravitation,CONJECTURE,,,,NOT_CHECKED,NONE_ASSIGNED,UNREVIEWED,,,Pending atomicity and scientific review.
UMCH-CLM-0580,UMCH-SRC-P0580,4. Il caso dell'Antimateria,,,unclassified,CONJECTURE,,,,NOT_CHECKED,NONE_ASSIGNED,UNREVIEWED,,,Pending atomicity and scientific review.
UMCH-CLM-0581,UMCH-SRC-P0581,"Dal punto di vista matematico della Relatività Generale, il principio di equivalenza impone che la massa gravitazionale dell'antimateria sia identica a quella della materia (manti​=m>0).",,,gravitation,CONJECTURE,,UMCH-EQ-0347,,NOT_CHECKED,NONE_ASSIGNED,UNREVIEWED,,,Pending atomicity and scientific review.
UMCH-CLM-0582,UMCH-SRC-P0582,"L'ipotesi teorica che l'antimateria potesse avere massa gravitazionale negativa è stata smentita sperimentalmente nel 2023 dall'esperimento ALPHA-g al CERN, confermando che l'antidrogeno cade verso il basso sotto l'azione della gravità terrestre.",,,gravitation,ASSUMPTION,,,,NOT_CHECKED,NONE_ASSIGNED,UNREVIEWED,,,Pending atomicity and scientific review.
UMCH-CLM-0583,UMCH-SRC-P0583,User prompt: Sempre nel campo impotesi che movimento rettilineo non esiste,,,unclassified,CONJECTURE,,,,NOT_CHECKED,NONE_ASSIGNED,UNREVIEWED,,,Pending atomicity and scientific review.
UMCH-CLM-0584,UMCH-SRC-P0584,Response: Ipotizzare che il moto rettilineo non esista significa abbandonare la fisica euclidea e ridefinire la meccanica attorno a tre modelli matematici fondamentali.,,,unclassified,CONJECTURE,,,,NOT_CHECKED,NONE_ASSIGNED,UNREVIEWED,,,Pending atomicity and scientific review.
UMCH-CLM-0585,UMCH-SRC-P0585,1. Geometria dello Spaziotempo e Geodetiche (Relatività Generale),,,gravitation,CONJECTURE,,,,NOT_CHECKED,NONE_ASSIGNED,UNREVIEWED,,,Pending atomicity and scientific review.
UMCH-CLM-0586,UMCH-SRC-P0586,"Se il tensore di curvatura di Riemann Rμναβ​=0 in ogni punto dell'Universo, il moto rettilineo uniforme newtoniano è un'astrazione priva di realtà fisica. Le particelle ""libere"" non si muovono lungo rette, ma lungo geodetiche in uno spaziotempo curvo:",,,cosmology,CONJECTURE,,UMCH-EQ-0348,,NOT_CHECKED,NONE_ASSIGNED,UNREVIEWED,,,Pending atomicity and scientific review.
UMCH-CLM-0587,UMCH-SRC-P0587,dτ2d2xμ​+Γαβμ​dτdxα​dτdxβ​=0,,,unclassified,CONJECTURE,,UMCH-EQ-0349,,NOT_CHECKED,NONE_ASSIGNED,UNREVIEWED,,,Pending atomicity and scientific review.
UMCH-CLM-0588,UMCH-SRC-P0588,In questo scenario:,,,unclassified,CONJECTURE,,,,NOT_CHECKED,NONE_ASSIGNED,UNREVIEWED,,,Pending atomicity and scientific review.
UMCH-CLM-0589,UMCH-SRC-P0589,La retta viene sostituita dalla curva di minima azione.,,,unclassified,CONJECTURE,,,,NOT_CHECKED,NONE_ASSIGNED,UNREVIEWED,,,Pending atomicity and scientific review.
UMCH-CLM-0590,UMCH-SRC-P0590,Non esistono sistemi di riferimento inerziali globali.,,,unclassified,CONJECTURE,,,,NOT_CHECKED,NONE_ASSIGNED,UNREVIEWED,,,Pending atomicity and scientific review.
UMCH-CLM-0591,UMCH-SRC-P0591,La presenza di una curvatura minima di fondo κ0​>0 implica che ogni traiettoria possiede un'accelerazione di curvatura intrinseca Aμ=c2κ0​Nμ.,,,geometry,CONJECTURE,,UMCH-EQ-0350,,NOT_CHECKED,NONE_ASSIGNED,UNREVIEWED,,,Pending atomicity and scientific review.
UMCH-CLM-0592,UMCH-SRC-P0592,2. Topologia Sferica e Varietà Chiuse,,,unclassified,CONJECTURE,,,,NOT_CHECKED,NONE_ASSIGNED,UNREVIEWED,,,Pending atomicity and scientific review.
UMCH-CLM-0593,UMCH-SRC-P0593,"In una varietà a curvatura positiva costante (come la ipersfera S3), l'equivalente della ""linea retta"" è il cerchio massimo:",,,geometry,CONJECTURE,,,,NOT_CHECKED,NONE_ASSIGNED,UNREVIEWED,,,Pending atomicity and scientific review.
UMCH-CLM-0594,UMCH-SRC-P0594,Non esistono vettori velocità che si estendono all'infinito.,,,unclassified,CONJECTURE,,,,NOT_CHECKED,NONE_ASSIGNED,UNREVIEWED,,,Pending atomicity and scientific review.
UMCH-CLM-0595,UMCH-SRC-P0595,"Qualsiasi corpo in moto ""dritto"" percorre una geodetica chiusa che ritorna al punto di partenza dopo una distanza caratteristica L=2πRuniverso​.",,,cosmology,CONJECTURE,,UMCH-EQ-0351,,NOT_CHECKED,NONE_ASSIGNED,UNREVIEWED,,,Pending atomicity and scientific review.
UMCH-CLM-0596,UMCH-SRC-P0596,Il Primo Principio di Newton viene sostituito dalla conservazione del momento angolare topologico sulla varietà.,,,unclassified,CONJECTURE,,,,NOT_CHECKED,NONE_ASSIGNED,UNREVIEWED,,,Pending atomicity and scientific review.
UMCH-CLM-0597,UMCH-SRC-P0597,3. Traiettorie Quantistiche e Frattali (Feynman),,,quantum-fields,CONJECTURE,,,,NOT_CHECKED,NONE_ASSIGNED,UNREVIEWED,,,Pending atomicity and scientific review.
UMCH-CLM-0598,UMCH-SRC-P0598,"Nella formulazione a integrali sui cammini di Feynman, il moto rettilineo classico viene del tutto eliminato a livello microscopico. L'ampiezza di transizione somma un numero infinito di cammini non differenziabili:",,,unclassified,CONJECTURE,,,,NOT_CHECKED,NONE_ASSIGNED,UNREVIEWED,,,Pending atomicity and scientific review.
UMCH-CLM-0599,UMCH-SRC-P0599,"K(b,a)=∫D[x(t)]eℏi​S[x(t)]",,,unclassified,CONJECTURE,,UMCH-EQ-0352,,NOT_CHECKED,NONE_ASSIGNED,UNREVIEWED,,,Pending atomicity and scientific review.
UMCH-CLM-0600,UMCH-SRC-P0600,"A scala quantistica, le traiettorie hanno una dimensione frattale DH​=2 (analoga al moto browniano).",,,quantum-fields,CONJECTURE,,UMCH-EQ-0353,,NOT_CHECKED,NONE_ASSIGNED,UNREVIEWED,,,Pending atomicity and scientific review.
UMCH-CLM-0601,UMCH-SRC-P0601,"La ""linea retta"" classica è unicamente il risultato dell'interferenza costruttiva delle fasi quantistiche nel limite semiclassico (ℏ→0).",,,quantum-fields,CONJECTURE,,UMCH-EQ-0354,,NOT_CHECKED,NONE_ASSIGNED,UNREVIEWED,,,Pending atomicity and scientific review.
UMCH-CLM-0602,UMCH-SRC-P0602,"Conseguenza Inerziale: Se il moto rettilineo non esiste, l'inerzia cessa di essere la tendenza a ""proseguire in linea retta"" e diventa la resistenza della materia a variare la propria curvatura geodetica naturale.",,,geometry,CONJECTURE,,,,NOT_CHECKED,NONE_ASSIGNED,UNREVIEWED,,,Pending atomicity and scientific review.
